customer_id,server_id,arrival_time,service_start,service_time,departure_time,waiting_time,system_time
1,1,0.43087385144311424,0.43087385144311424,3.662712488441326,4.09358633988444,0.0,3.6627124884413256
2,2,0.5737854591085858,0.5737854591085858,0.20738141779196204,0.7811668769005479,0.0,0.20738141779196206
3,2,1.8029230274396653,1.8029230274396653,3.3515922024350453,5.15451522987471,0.0,3.351592202435045
4,1,2.4784204742255658,4.09358633988444,1.8119332428055717,5.905519582690012,1.615165865658874,3.427099108464446
5,2,4.1553253951403635,5.15451522987471,4.4856172903970455,9.640132520271756,0.9991898347343469,5.484807125131392
6,1,5.46469799129112,5.905519582690012,4.1286500023468,10.03416958503681,0.4408215913988913,4.56947159374569
7,2,7.55876803738485,9.640132520271756,1.5515829155938288,11.191715435865584,2.0813644828869062,3.6329473984807343
8,1,10.157888528718898,10.157888528718898,1.7527536175412588,11.910642146260157,0.0,1.7527536175412592
9,2,11.40555280178376,11.40555280178376,2.0251327614387726,13.430685563222532,0.0,2.0251327614387726
10,1,11.62871034008669,11.910642146260157,3.6615030100772703,15.572145156337427,0.2819318061734677,3.943434816250738
11,2,12.092741928157313,13.430685563222532,6.573657621507633,20.004343184730164,1.3379436350652192,7.911601256572851
12,1,14.482612178869047,15.572145156337427,0.2157100644970149,15.787855220834443,1.0895329774683802,1.3052430419653955
13,1,14.54727374744139,15.787855220834443,0.03306056162877602,15.820915782463219,1.2405814733930534,1.2736420350218296
14,1,17.640481332688253,17.640481332688253,4.444449938709467,22.08493127139772,0.0,4.444449938709468
15,2,18.918263098393872,20.004343184730164,0.24478953985231153,20.249132724582477,1.0860800863362918,1.3308696261886048
16,2,20.231170054959147,20.249132724582477,0.3816770657067371,20.630809790289213,0.01796266962332993,0.3996397353300658
17,2,20.784030003888724,20.784030003888724,3.683711698547841,24.467741702436566,0.0,3.6837116985478424
18,1,21.584582228330767,22.08493127139772,1.3443965554315105,23.429327826829233,0.5003490430669544,1.8447455984984664
19,1,22.795805581416232,23.429327826829233,1.8964448275289816,25.325772654358214,0.6335222454130012,2.5299670729419823
20,2,23.23653170655328,24.467741702436566,1.604097074383516,26.071838776820083,1.2312099958832867,2.835307070266804
21,1,24.135956029823994,25.325772654358214,0.29135720910021523,25.61712986345843,1.1898166245342203,1.4811738336344362
22,1,24.900904455258935,25.61712986345843,0.571985118340209,26.18911498179864,0.7162254081994952,1.2882105265397037
23,2,26.153763232830958,26.153763232830958,1.4843499502686863,27.638113183099644,0.0,1.4843499502686868
24,1,27.60769665620889,27.60769665620889,0.1250438814791322,27.732740537688024,0.0,0.12504388147913303
25,2,27.729073809042166,27.729073809042166,0.19012226984211067,27.919196078884276,0.0,0.19012226984211011
26,1,29.014785247498008,29.014785247498008,0.8818331116963609,29.89661835919437,0.0,0.8818331116963627
27,2,29.595491248865713,29.595491248865713,3.4472090673795583,33.04270031624527,0.0,3.4472090673795606
28,1,30.257267729334252,30.257267729334252,0.3265049398297917,30.583772669164045,0.0,0.32650493982979256
29,1,32.51456738370213,32.51456738370213,3.927062514083539,36.44162989778567,0.0,3.927062514083538
30,2,35.913926535136326,35.913926535136326,3.1561139873043844,39.07004052244071,0.0,3.156113987304387
31,1,36.506628024088116,36.506628024088116,4.566971584151013,41.07359960823913,0.0,4.566971584151013
32,2,37.06472343556223,39.07004052244071,3.353221983796631,42.42326250623734,2.0053170868784846,5.358539070675114
33,1,37.41950947537178,41.07359960823913,3.2551879412423856,44.32878754948151,3.6540901328673456,6.909278074109729
34,2,45.40318229482476,45.40318229482476,0.30875029576639856,45.71193259059116,0.0,0.30875029576640145
35,1,45.55597963811641,45.55597963811641,1.368172421387203,46.92415205950361,0.0,1.3681724213872002
36,2,49.67135501391909,49.67135501391909,0.7153956923570254,50.38675070627612,0.0,0.7153956923570277
37,1,50.5989550693166,50.5989550693166,2.441895780874478,53.04085085019108,0.0,2.441895780874475
38,2,51.67207391290668,51.67207391290668,2.412960223683915,54.0850341365906,0.0,2.4129602236839176
39,1,51.747637404608795,53.04085085019108,0.628581917093758,53.66943276728484,1.293213445582282,1.9217953626760433
40,1,52.45272837350057,53.66943276728484,3.5865197969640548,57.255952564248894,1.2167043937842692,4.803224190748324
41,2,52.57542607819022,54.0850341365906,9.388673349753045,63.47370748634364,1.5096080584003815,10.898281408153423
42,1,52.99419028682318,57.255952564248894,1.1197655584403448,58.375718122689236,4.261762277425717,5.381527835866059
43,1,56.626726791315534,58.375718122689236,5.43376773349547,63.80948585618471,1.748991331373702,7.182759064869174
44,2,59.77827364530733,63.47370748634364,0.4663879226979942,63.94009540904164,3.695433841036312,4.161821763734309
45,1,59.97266153319081,63.80948585618471,5.000153319559984,68.80963917574469,3.8368243229938983,8.836977642553883
46,2,61.014624755156184,63.94009540904164,2.897993613163535,66.83808902220517,2.925470653885455,5.823464267048983
47,2,61.36677154031976,66.83808902220517,0.7761875236972798,67.61427654590244,5.471317481885407,6.247505005582681
48,2,61.939170773853846,67.61427654590244,0.6607549322114015,68.27503147811385,5.675105772048596,6.33586070426
49,2,62.578963707826425,68.27503147811385,1.602104413287918,69.87713589140176,5.696067770287421,7.298172183575339
50,1,63.44301628713175,68.80963917574469,3.569395369970922,72.37903454571561,5.366622888612945,8.936018258583864
51,2,63.5967064786073,69.87713589140176,0.07466069876338953,69.95179659016516,6.2804294127944615,6.355090111557857
52,2,65.4198297780928,69.95179659016516,0.49735253340786983,70.44914912357302,4.531966812072355,5.029319345480218
53,2,65.78422132374654,70.44914912357302,0.10847825541441762,70.55762737898743,4.664927799826486,4.773406055240898
54,2,66.37968483724511,70.55762737898743,1.4149061682480524,71.97253354723549,4.1779425417423255,5.592848709990378
55,2,67.10951851685654,71.97253354723549,7.2362554708860465,79.20878901812154,4.863015030378946,12.099270501264996
56,1,68.32322250809676,72.37903454571561,1.1074233575980659,73.48645790331368,4.05581203761885,5.163235395216915
57,1,71.0933650647605,73.48645790331368,1.9178857109874812,75.40434361430115,2.393092838553173,4.31097854954065
58,1,72.70812420914017,75.40434361430115,0.507590367461564,75.91193398176272,2.6962194051609885,3.2038097726225487
59,1,75.30909575507208,75.91193398176272,1.2346352108679084,77.14656919263062,0.6028382266906362,1.8374734375585433
60,1,75.6953198960579,77.14656919263062,3.8876039027205977,81.03417309535122,1.4512492965727262,5.338853199293325
61,2,75.92742995465893,79.20878901812154,0.7195219687684375,79.92831098688997,3.2813590634626024,4.000881032231035
62,2,78.41405895413806,79.92831098688997,0.9478117444063429,80.8761227312963,1.5142520327519122,2.4620637771582494
63,2,78.82476552806995,80.8761227312963,2.8022993922831225,83.67842212357942,2.0513572032263596,4.853656595509477
64,1,80.11864146183677,81.03417309535122,1.8073496574238486,82.84152275277506,0.9155316335144477,2.7228812909382896
65,1,80.4733638887559,82.84152275277506,3.0981808865151317,85.9397036392902,2.368158864019165,5.466339750534303
66,2,83.9216089675576,83.9216089675576,4.202342535430414,88.12395150298802,0.0,4.202342535430418
67,1,84.24405981700417,85.9397036392902,0.502985010411914,86.44268864970212,1.69564382228603,2.198628832697949
68,1,88.26854991381471,88.26854991381471,3.2726701875145974,91.5412201013293,0.0,3.272670187514592
69,2,88.72798891586588,88.72798891586588,0.29976550641450356,89.02775442228038,0.0,0.29976550641450217
70,2,90.46302492290447,90.46302492290447,2.9859854306789986,93.44901035358346,0.0,2.985985430678994
71,1,91.57630075666721,91.57630075666721,2.6234033942938586,94.19970415096107,0.0,2.6234033942938595
72,2,93.69431278441289,93.69431278441289,3.6256182191324995,97.31993100354539,0.0,3.6256182191325053
73,1,94.47418864808502,94.47418864808502,6.690005961211923,101.16419460929694,0.0,6.690005961211924
74,2,95.5018282354243,97.31993100354539,0.7041476018341734,98.02407860537957,1.8181027681210935,2.522250369955273
75,2,97.18616887574802,98.02407860537957,0.5316769925324648,98.55575559791204,0.8379097296315479,1.3695867221640157
76,2,97.37733628063579,98.55575559791204,0.35375759012287195,98.90951318803491,1.1784193172762514,1.5321769073991192
77,2,97.85104608275265,98.90951318803491,3.4558168410230667,102.36533002905797,1.0584671052822614,4.514283946305326
78,1,99.48370733555825,101.16419460929694,3.6755490744719395,104.83974368376889,1.6804872737386916,5.356036348210637
79,2,101.46699360664599,102.36533002905797,0.36146260939702207,102.726792638455,0.8983364224119867,1.2597990318090098
80,2,101.50172562269208,102.726792638455,1.9584908924865507,104.68528353094155,1.2250670157629173,3.183557908249469
81,2,102.05763725057476,104.68528353094155,1.1816469529242462,105.86693048386579,2.6276462803667897,3.8092932332910294
82,1,103.00336297657392,104.83974368376889,4.707931257958474,109.54767494172737,1.8363807071949623,6.54431196515344
83,2,103.53141066770955,105.86693048386579,1.1525592477954922,107.01948973166128,2.3355198161562356,3.48807906395173
84,2,104.07117971097527,107.01948973166128,0.1208722846908429,107.14036201635213,2.9483100206860087,3.069182305376856
85,2,105.97098800694408,107.14036201635213,2.810838989011891,109.95120100536401,1.1693740094080454,3.9802129984199297
86,1,107.18365629029968,109.54767494172737,0.345626879867492,109.89330182159486,2.364018651427685,2.7096455312951804
87,1,107.38982675720213,109.89330182159486,0.4031376152730272,110.29643943686789,2.503475064392731,2.9066126796657556
88,2,109.19652583919637,109.95120100536401,0.38250603521900556,110.33370704058302,0.7546751661676439,1.1371812013866531
89,1,110.92148944255676,110.92148944255676,2.8282363068407452,113.74972574939751,0.0,2.8282363068407506
90,2,111.42690849296524,111.42690849296524,1.7956555779016194,113.22256407086685,0.0,1.7956555779016128
91,2,112.03512322963894,113.22256407086685,1.5875202492790734,114.81008432014593,1.187440841227911,2.7749610905069915
92,1,113.00972980512837,113.74972574939751,3.1764862174333626,116.92621196683088,0.7399959442691397,3.916482161702504
93,2,114.36121245159816,114.81008432014593,2.65116143912838,117.4612457592743,0.4488718685477693,3.100033307676142
94,1,115.40064630950337,116.92621196683088,4.0560113594553995,120.98222332628627,1.5255656573275047,5.5815770167829015
95,2,116.7963284624873,117.4612457592743,1.8659894169837337,119.32723517625804,0.6649172967870101,2.5309067137707473
96,2,117.55069663404635,119.32723517625804,0.35960114856069464,119.68683632481874,1.7765385422116964,2.1361396907723957
97,2,120.17744155664799,120.17744155664799,0.7401742190526184,120.91761577570061,0.0,0.7401742190526193
98,2,122.33378169566393,122.33378169566393,0.21994365094577498,122.55372534660971,0.0,0.21994365094577972
99,1,124.05450706856357,124.05450706856357,0.21730471358471481,124.27181178214828,0.0,0.21730471358470993
100,2,125.8930516130193,125.8930516130193,0.8730878441295592,126.76613945714885,0.0,0.8730878441295573
101,1,126.30604521984893,126.30604521984893,1.3067177618353516,127.61276298168428,0.0,1.3067177618353583
102,2,126.74416657957177,126.76613945714885,0.6431053303356749,127.40924478748452,0.02197287757708466,0.6650782079127566
103,2,127.5880458661226,127.5880458661226,3.3343140689227626,130.92235993504536,0.0,3.3343140689227653
104,1,127.97721255414389,127.97721255414389,7.815496894609811,135.7927094487537,0.0,7.815496894609808
105,2,130.53227571328307,130.92235993504536,0.9412083549342827,131.86356828997964,0.39008422176229374,1.331292576696569
106,2,131.25747660078164,131.86356828997964,1.430830893833565,133.2943991838132,0.6060916891979957,2.0369225830315543
107,2,131.60273015472566,133.2943991838132,0.7113229676277726,134.00572215144098,1.6916690290875351,2.402991996715315
108,2,131.7061643386702,134.00572215144098,1.1474502037647454,135.15317235520573,2.299557812770786,3.447008016535534
109,2,131.86996033983343,135.15317235520573,8.915809716060613,144.06898207126633,3.2832120153722997,12.199021731432907
110,1,137.03446395620023,137.03446395620023,0.7768199939183217,137.81128395011854,0.0,0.7768199939183091
111,1,139.72886379421888,139.72886379421888,1.130035929419844,140.85889972363873,0.0,1.1300359294198472
112,1,139.75765209698966,140.85889972363873,2.663275304690514,143.52217502832923,1.1012476266490694,3.7645229313395703
113,1,140.39322177601738,143.52217502832923,1.4376009343677352,144.95977596269697,3.1289532523118453,4.566554186679582
114,2,140.70885733662988,144.06898207126633,3.7775024704692277,147.84648454173555,3.3601247346364573,7.137627205105673
115,1,144.32571605483093,144.95977596269697,0.4811747990670443,145.44095076176401,0.6340599078660318,1.1152347069330801
116,1,144.92781936564884,145.44095076176401,5.171885493771829,150.61283625553585,0.5131313961151704,5.6850168898870095
117,2,144.98730045799763,147.84648454173555,2.8521888618474254,150.69867340358297,2.859184083737915,5.711372945585339
118,1,148.29771688617112,150.61283625553585,1.270860750691188,151.88369700622704,2.315119369364737,3.585980120055922
119,2,149.09585211720469,150.69867340358297,3.5250605747483563,154.22373397833132,1.602821286378287,5.127881861126639
120,1,153.6862521487916,153.6862521487916,0.0561544933760144,153.74240664216762,0.0,0.0561544933760274
121,1,154.28235584896993,154.28235584896993,1.9916192824344903,156.27397513140443,0.0,1.991619282434499
122,2,155.41043193147652,155.41043193147652,0.49615853051212633,155.90659046198866,0.0,0.4961585305121332
123,2,155.97665907141734,155.97665907141734,3.075032153747569,159.05169122516492,0.0,3.0750321537475713
124,1,156.1522485498627,156.27397513140443,1.3256720968896183,157.59964722829403,0.12172658154173632,1.447398678431341
125,1,159.79922625889589,159.79922625889589,0.015725042897541626,159.81495130179343,0.0,0.015725042897543062
126,2,161.71323296479991,161.71323296479991,5.839424686981439,167.55265765178135,0.0,5.839424686981431
127,1,162.46609628406873,162.46609628406873,0.2338230591906746,162.6999193432594,0.0,0.23382305919068358
128,1,162.6360152270322,162.6999193432594,1.084383279404137,163.78430262266355,0.06390411622720649,1.1482873956313426
129,1,163.78599087846098,163.78599087846098,0.15360438270751015,163.93959526116848,0.0,0.1536043827074991
130,1,164.38178854899007,164.38178854899007,0.5479619492215547,164.92975049821163,0.0,0.547961949221559
131,1,164.62463929904126,164.92975049821163,1.5593077136539257,166.48905821186557,0.3051111991703692,1.8644189128243056
132,1,166.06510849955743,166.48905821186557,2.4238651009210805,168.91292331278666,0.4239497123081435,2.8478148132292347
133,2,167.3567529214252,167.55265765178135,3.1267876274651814,170.67944527924652,0.19590473035614764,3.3226923578213245
134,1,168.5446942026677,168.91292331278666,1.2667478530325658,170.17967116581923,0.36822911011896053,1.63497696315153
135,1,170.52720785927198,170.52720785927198,0.3041423806956653,170.83135023996763,0.0,0.3041423806956516
136,2,172.19926709754694,172.19926709754694,0.1369523707555238,172.33621946830246,0.0,0.13695237075552313
137,1,174.0464476632004,174.0464476632004,0.06263780202919608,174.1090854652296,0.0,0.06263780202920088
138,2,174.84626482667176,174.84626482667176,2.5699687040178048,177.41623353068957,0.0,2.5699687040178105
139,1,174.87869401643405,174.87869401643405,1.1468965072199537,176.02559052365402,0.0,1.1468965072199637
140,1,175.3337480227428,176.02559052365402,2.2641707279540433,178.28976125160807,0.691842500911207,2.9560132288652596
141,2,179.76819643275255,179.76819643275255,3.3038129166663572,183.0720093494189,0.0,3.3038129166663452
142,1,181.05023300167576,181.05023300167576,0.8257593173668507,181.8759923190426,0.0,0.8257593173668454
143,1,181.2907287451637,181.8759923190426,6.043288244844798,187.9192805638874,0.5852635738789047,6.628551818723707
144,2,182.03231460287438,183.0720093494189,1.5695143342195208,184.6415236836384,1.0396947465445123,2.609209080764032
145,2,184.791560260324,184.791560260324,3.5406421606044676,188.33220242092847,0.0,3.5406421606044773
146,1,185.24154679497235,187.9192805638874,4.321874674485176,192.24115523837258,2.6777337689150613,6.999608443400234
147,2,187.7022639875047,188.33220242092847,4.63746351011001,192.9696659310385,0.6299384334237743,5.267401943533798
148,1,189.2617812891337,192.24115523837258,2.608557029411084,194.84971226778367,2.979373949238891,5.587930978649979
149,2,190.72550196094127,192.9696659310385,0.05946383870156682,193.02912976974005,2.244163970097219,2.3036278087987796
150,2,191.39163739028106,193.02912976974005,1.6356975782948442,194.6648273480349,1.6374923794589904,3.2731899577538286
151,2,191.8280637259123,194.6648273480349,3.967901917846438,198.63272926588132,2.8367636221225894,6.804665539969022
152,1,192.21249002727788,194.84971226778367,0.8830542031040642,195.73276647088773,2.6372222405057926,3.520276443609845
153,1,192.3048482854145,195.73276647088773,1.5915269231323088,197.32429339402003,3.4279181854732315,5.019445108605538
154,1,192.35522467218507,197.32429339402003,0.0521604239094719,197.3764538179295,4.969068721834958,5.021229145744428
155,1,195.21723754877314,197.3764538179295,1.0515411528591776,198.4279949707887,2.15921626915636,3.210757422015547
156,1,197.47311670422226,198.4279949707887,0.3601135638622194,198.78810853465092,0.9548782665664248,1.314991830428653
157,2,198.119574093257,198.63272926588132,0.6265156509949386,199.25924491687627,0.5131551726243231,1.1396708236192694
158,1,199.18099658093104,199.18099658093104,3.534626785198833,202.71562336612988,0.0,3.5346267851988387
159,2,199.5503366573125,199.5503366573125,0.9385487950393734,200.48888545235187,0.0,0.9385487950393667
160,2,199.62541952313077,200.48888545235187,2.79715162575479,203.28603707810666,0.8634659292210927,3.660617554975886
161,1,201.36370222406978,202.71562336612988,1.4343443530783655,204.14996771920823,1.3519211420600925,2.7862654951384513
162,2,202.46597222900627,203.28603707810666,0.4259109921346534,203.7119480702413,0.8200648491003903,1.2459758412350368
163,2,203.52647630953336,203.7119480702413,0.7830063556949598,204.49495442593627,0.1854717607079408,0.9684781164029062
164,1,204.74412813317792,204.74412813317792,0.9206042601298463,205.66473239330776,0.0,0.920604260129835
165,2,204.89597168021976,204.89597168021976,0.18828929953579082,205.08426097975556,0.0,0.18828929953579632
166,2,205.12274460995067,205.12274460995067,0.025555432318866634,205.14830004226954,0.0,0.025555432318867588
167,2,205.4153155441398,205.4153155441398,0.8152153590209656,206.23053090316074,0.0,0.8152153590209537
168,1,206.04178687285946,206.04178687285946,0.6425820892508797,206.68436896211034,0.0,0.6425820892508796
169,2,206.65745569004076,206.65745569004076,0.513300113398477,207.17075580343925,0.0,0.5133001133984862
170,1,207.1117668854124,207.1117668854124,0.9056350904321678,208.01740197584456,0.0,0.9056350904321562
171,2,208.31767036419882,208.31767036419882,0.12324252690967397,208.4409128911085,0.0,0.12324252690967796
172,1,208.34373987721108,208.34373987721108,1.0416216953537858,209.38536157256488,0.0,1.041621695353797
173,2,208.7973358903081,208.7973358903081,0.016472532416356465,208.81380842272443,0.0,0.016472532416344166
174,2,209.86825047484382,209.86825047484382,0.48282027407604783,210.35107074891988,0.0,0.48282027407606165
175,1,211.41740989580668,211.41740989580668,2.0764520770968433,213.49386197290352,0.0,2.0764520770968318
176,2,212.1647622217066,212.1647622217066,0.5841813797900887,212.7489436014967,0.0,0.5841813797900954
177,2,212.7396165974072,212.7489436014967,1.235775015656208,213.9847186171529,0.009327004089499269,1.2451020197457012
178,1,214.23359836592667,214.23359836592667,2.0323690877687195,216.2659674536954,0.0,2.0323690877687284
179,2,215.44904437403346,215.44904437403346,1.067938575925175,216.51698294995865,0.0,1.067938575925183
180,1,216.02764048086874,216.2659674536954,11.64414678810191,227.91011424179732,0.2383269728266555,11.882473760928576
181,2,219.47462376457847,219.47462376457847,3.053543274621352,222.52816703919981,0.0,3.0535432746213473
182,2,220.3520384217372,222.52816703919981,6.0524300131251625,228.58059705232498,2.1761286174626093,8.22855863058777
183,1,220.87669282953948,227.91011424179732,1.5780230753299376,229.48813731712724,7.033421412257837,8.611444487587761
184,2,221.76807655935363,228.58059705232498,2.592366155208871,231.17296320753385,6.812520492971345,9.404886648180224
185,1,221.96693701869648,229.48813731712724,1.3648721450670303,230.85300946219428,7.521200298430756,8.886072443497795
186,1,224.47811735203305,230.85300946219428,1.4724782091908097,232.32548767138508,6.374892110161227,7.847370319352024
187,2,232.2360376373566,232.2360376373566,1.4826666014063141,233.7187042387629,0.0,1.4826666014063221
188,1,233.51521270962948,233.51521270962948,0.660882705821215,234.1760954154507,0.0,0.6608827058212228
189,2,234.30167938412725,234.30167938412725,2.025996701776649,236.3276760859039,0.0,2.0259967017766485
190,1,235.37736126513352,235.37736126513352,2.2861145682903206,237.66347583342383,0.0,2.2861145682903157
191,2,237.3326698880189,237.3326698880189,4.470273842219671,241.80294373023858,0.0,4.470273842219683
192,1,240.04422762043362,240.04422762043362,0.8268847351198936,240.87111235555352,0.0,0.8268847351199042
193,1,240.1314414720959,240.87111235555352,1.4543107124993366,242.32542306805286,0.7396708834576202,2.1939815959569557
194,2,241.0463853679184,241.80294373023858,1.0615936644226305,242.8645373946612,0.7565583623201917,1.8181520267428084
195,1,241.42976312529024,242.32542306805286,0.3041462215634816,242.62956928961634,0.8956599427626202,1.1998061643261053
196,1,242.32665261108804,242.62956928961634,3.7537394954872267,246.38330878510357,0.3029166785283053,4.056656174015529
197,2,243.0575910348643,243.0575910348643,8.149121521880062,251.20671255674435,0.0,8.149121521880062
198,1,243.22102093810915,246.38330878510357,1.5775110895564437,247.96081987466002,3.162287846994417,4.739798936550869
199,1,243.78001974411166,247.96081987466002,2.2924424448986587,250.25326231955867,4.180800130548363,6.473242575447017
200,1,245.13835950222725,250.25326231955867,0.3173026768717133,250.5705649964304,5.114902817331426,5.432205494203146
201,1,246.7019022359044,250.5705649964304,2.3797783881467196,252.9503433845771,3.8686627605259787,6.248441148672697
202,2,247.17471666787256,251.20671255674435,3.405472195595687,254.61218475234003,4.031995888871791,7.4374680844674685
203,1,247.30417672090627,252.9503433845771,2.4761955825597317,255.42653896713685,5.64616666367084,8.12236224623058
204,2,247.4061829255655,254.61218475234003,0.5376893970573381,255.14987414939736,7.206001826774525,7.74369122383186
205,2,247.80178835016474,255.14987414939736,6.227789951647584,261.37766410104496,7.348085799232621,13.575875750880215
206,1,247.89292896570834,255.42653896713685,1.4350575742491745,256.861596541386,7.533610001428514,8.96866757567767
207,1,248.17787415462467,256.861596541386,1.0389597849942682,257.9005563263803,8.683722386761332,9.722682171755622
208,1,249.45250935364038,257.9005563263803,2.441612988519816,260.3421693149001,8.448046972739917,10.889659961259724
209,1,249.80784185751716,260.3421693149001,1.1319323734557891,261.4741016883559,10.534327457382943,11.666259830838754
210,2,250.67045632744475,261.37766410104496,7.134576779342786,268.51224088038776,10.707207773600203,17.84178455294301
211,1,250.88683250257444,261.4741016883559,0.8424211725289599,262.3165228608849,10.58726918578148,11.429690358310467
212,1,251.5137848400786,262.3165228608849,2.735460386892172,265.05198324777706,10.802738020806288,13.538198407698445
213,1,252.17261180383252,265.05198324777706,1.696014182106929,266.747997429884,12.879371443944535,14.575385626051457
214,1,252.76856664841665,266.747997429884,2.115421406670745,268.86341883655473,13.979430781467329,16.094852188138077
215,2,254.7812315993568,268.51224088038776,0.9269012230982621,269.439142103486,13.731009281030964,14.657910504129205
216,1,255.3603892303443,268.86341883655473,7.8325925242111465,276.69601136076585,13.503029606210418,21.33562213042154
217,2,256.0800930865236,269.439142103486,2.297997675253247,271.7371397787393,13.359049016962388,15.657046692215658
218,2,257.0305711074316,271.7371397787393,4.526630495430783,276.26377027417004,14.70656867130765,19.233199166738416
219,2,257.5059908833353,276.26377027417004,0.7813881078253767,277.0451583819954,18.75777939083474,19.539167498660106
220,1,258.2919690243173,276.69601136076585,6.611135260691128,283.307146621457,18.404042336448526,25.015177597139655
221,2,261.1259805510359,277.0451583819954,0.015446118820376348,277.06060450081577,15.919177830959484,15.934623949779848
222,2,262.11745800966486,277.06060450081577,1.4403649466067605,278.5009694474225,14.943146491150912,16.383511437757647
223,2,262.65576742478794,278.5009694474225,1.4538854914916932,279.9548549389142,15.845202022634567,17.299087514126256
224,2,264.25778103019337,279.9548549389142,5.082060570901925,285.03691550981614,15.697073908720824,20.77913447962277
225,1,264.34212221828267,283.307146621457,1.081399791607029,284.38854641306403,18.96502440317431,20.046424194781366
226,1,264.84217085099937,284.38854641306403,3.5609826737128634,287.9495290867769,19.546375562064668,23.107358235777554
227,2,266.16688147963436,285.03691550981614,2.9601810228550542,287.9970965326712,18.870034030181785,21.830215053036852
228,1,266.24125970208075,287.9495290867769,0.5393193470915473,288.48884843386844,21.708269384696166,22.247588731787687
229,2,266.2550188883933,287.9970965326712,2.7076668273374382,290.70476336000866,21.742077644277913,24.44974447161536
230,1,267.21411101348116,288.48884843386844,1.519507423179278,290.0083558570477,21.274737420387282,22.79424484356656
231,1,267.23243469170245,290.0083558570477,3.281619938313725,293.28997579536144,22.775921165345267,26.05754110365899
232,2,267.65831532852053,290.70476336000866,1.2441783702040716,291.9489417302127,23.046448031488126,24.29062640169218
233,2,267.7764332344545,291.9489417302127,1.0348030287605439,292.9837447589733,24.172508495758223,25.207311524518786
234,2,270.8848589942943,292.9837447589733,1.1953858992638673,294.1791306582371,22.098885764678982,23.294271663942823
235,1,272.489810274191,293.28997579536144,9.163409170007139,302.45338496536857,20.80016552117047,29.963574691177598
236,2,273.1959954496899,294.1791306582371,2.96657273497121,297.14570339320835,20.983135208547196,23.949707943518433
237,2,273.45752077265047,297.14570339320835,0.4107197034491396,297.5564230966575,23.688182620557882,24.098902324007042
238,2,274.2259284500181,297.5564230966575,4.535200872548879,302.0916239692064,23.33049464663941,27.865695519188307
239,2,274.5905166706312,302.0916239692064,3.070899915788236,305.16252388499464,27.50110729857522,30.572007214363452
240,1,275.74814336283924,302.45338496536857,3.811896814681659,306.2652817800502,26.705241602529327,30.51713841721096
241,2,277.2256852176719,305.16252388499464,8.275857124498213,313.43838100949284,27.936838667322718,36.21269579182092
242,1,277.6610892633013,306.2652817800502,0.13185434441044036,306.39713612446064,28.604192516748924,28.736046861159366
243,1,279.03703912542915,306.39713612446064,0.08332002283148186,306.4804561472921,27.360096999031498,27.443417021862956
244,1,280.3643306187355,306.4804561472921,7.7919944527661595,314.2724506000583,26.11612552855661,33.908119981322784
245,2,281.62398740849306,313.43838100949284,6.697391522512194,320.13577253200503,31.81439360099978,38.51178512351197
246,1,282.83321589921417,314.2724506000583,2.288404967827925,316.5608555678862,31.43923470084411,33.727639668672055
247,1,284.1693433317462,316.5608555678862,0.47371090493893525,317.03456647282513,32.391512236140045,32.86522314107896
248,1,284.196685124913,317.03456647282513,3.6706893171241117,320.70525578994926,32.837881347912116,36.508570665036245
249,2,286.33830355325,320.13577253200503,1.4882200115909294,321.623992543596,33.797468978755035,35.28568899034599
250,1,288.4302325690492,320.70525578994926,1.1387870330850642,321.84404282303433,32.27502322090004,33.413810253985105
251,2,289.8778611806927,321.623992543596,3.078721179248626,324.70271372284463,31.74613136290327,34.824852542151916
252,1,289.98972696395975,321.84404282303433,0.43488055711950946,322.27892338015386,31.854315859074575,32.2891964161941
253,1,290.6396980707083,322.27892338015386,0.6550102838701246,322.933933664024,31.639225309445578,32.294235593315705
254,1,291.12810168679687,322.933933664024,3.05427817881168,325.98821184283565,31.805831977227115,34.860110156038786
255,2,291.16629867198446,324.70271372284463,2.419781892216479,327.1224956150611,33.53641505086017,35.956196943076634
256,1,292.2659095677017,325.98821184283565,5.9765655869269745,331.96477742976265,33.72230227513393,39.69886786206092
257,2,292.4653457801516,327.1224956150611,2.4778942685974674,329.6003898836586,34.65714983490949,37.13504410350697
258,2,293.324589814751,329.6003898836586,0.32545714701452655,329.9258470306731,36.275800068907586,36.60125721592209
259,2,294.17903037441994,329.9258470306731,0.4298718403770677,330.35571887105016,35.746816656253145,36.17668849663022
260,2,296.96913497007114,330.35571887105016,0.6506236692993872,331.0063425403495,33.38658390097902,34.03720757027838
261,2,297.5005164449756,331.0063425403495,10.072609342137389,341.07895188248693,33.50582609537395,43.57843543751136
262,1,298.2646025683552,331.96477742976265,0.02021540297842259,331.98499283274106,33.70017486140745,33.720390264385856
263,1,301.467549902583,331.98499283274106,0.9978840453673012,332.98287687810836,30.51744293015804,31.51532697552534
264,1,302.2304858699916,332.98287687810836,0.2702589758019706,333.25313585391035,30.752391008116774,31.022649983918768
265,1,303.3440920177957,333.25313585391035,2.4028597667220644,335.65599562063244,29.909043836114677,32.311903602836765
266,1,306.57904303158267,335.65599562063244,3.3790607907418178,339.0350564113743,29.076952589049768,32.456013379791614
267,1,308.6033247827435,339.0350564113743,1.8789502921388455,340.9140067035131,30.431731628630757,32.31068192076958
268,1,310.59706835929654,340.9140067035131,3.1260002582916773,344.0400069618048,30.316938344216567,33.442938602508264
269,2,311.10966366445825,341.07895188248693,3.887401054253378,344.9663529367403,29.96928821802868,33.85668927228204
270,1,311.59921125527364,344.0400069618048,3.8952589220818687,347.9352658838867,32.44079570653116,36.336054628613056
271,2,312.9137927417726,344.9663529367403,0.4587147100920889,345.42506764683236,32.05256019496767,32.511274905059736
272,2,314.37800190103314,345.42506764683236,0.3072599894036807,345.73232763623605,31.047065745799216,31.354325735202906
273,2,315.4080761669254,345.73232763623605,0.31820075651054835,346.05052839274657,30.32425146931064,30.64245222582116
274,2,315.7387410674009,346.05052839274657,0.8525277690971735,346.9030561618437,30.311787325345676,31.164315094442827
275,2,317.14538208872244,346.9030561618437,2.291169146914579,349.1942253087583,29.75767407312128,32.04884322003585
276,1,317.5719220252704,347.9352658838867,2.4727851978757047,350.4080510817624,30.363343858616304,32.836129056491984
277,2,317.6871339894997,349.1942253087583,0.9764303096446204,350.1706556184029,31.507091319258564,32.48352162890319
278,2,318.52939776031235,350.1706556184029,0.045249898187359305,350.2159055165903,31.64125785809057,31.686507756277933
279,2,321.97662439110746,350.2159055165903,1.45925717301951,351.6751626896098,28.23928112548282,29.698538298502342
280,1,323.9012147053189,350.4080510817624,0.943623051935334,351.3516741336977,26.50683637644346,27.450459428378792
281,1,324.4189200460957,351.3516741336977,0.23962638783422274,351.59130052153193,26.932754087602007,27.172380475436228
282,1,326.07654771102307,351.59130052153193,1.0922018226736994,352.68350234420564,25.514752810508867,26.606954633182568
283,2,326.41467855272197,351.6751626896098,1.2747204373172483,352.94988312692703,25.26048413688784,26.535204574205068
284,1,327.1376437274117,352.68350234420564,0.6169534856845638,353.3004558298902,25.545858616793907,26.162812102478483
285,2,327.8895226031607,352.94988312692703,0.21907820045329826,353.1689613273803,25.06036052376635,25.27943872421963
286,2,328.46160703288115,353.1689613273803,0.912342423552034,354.08130375093236,24.70735429449917,25.619696718051216
287,1,332.6620637998952,353.3004558298902,1.904232219498566,355.2046880493888,20.638392029995032,22.5426242494936
288,2,333.31888859583995,354.08130375093236,3.338850432998566,357.42015418393095,20.762415155092413,24.101265588090996
289,1,333.6975404081474,355.2046880493888,1.7640439039141569,356.96873195330295,21.507147641241374,23.271191545155546
290,1,333.87141775748114,356.96873195330295,0.8930821101088525,357.8618140634118,23.09731419582181,23.990396305930688
291,2,334.9246104784248,357.42015418393095,0.879446179150778,358.2996003630817,22.495543705506122,23.374989884656884
292,1,336.8873077636979,357.8618140634118,0.44331006780439747,358.30512413121625,20.974506299713937,21.417816367518355
293,2,340.095812644009,358.2996003630817,1.6548590980052975,359.954459461087,18.203787719072693,19.85864681707801
294,1,342.68064322901876,358.30512413121625,3.911130664331032,362.2162547955473,15.62448090219749,19.53561156652853
295,2,347.0225007457472,359.954459461087,1.0196215671000082,360.974081028187,12.931958715339817,13.951580282439807
296,2,347.74888126113814,360.974081028187,0.5955953691780604,361.5696763973651,13.225199767048878,13.820795136226934
297,2,348.65314344320234,361.5696763973651,1.6544055676060012,363.22408196497105,12.916532954162733,14.57093852176871
298,1,348.74430567021284,362.2162547955473,1.1002725197845007,363.31652731533177,13.471949125334447,14.57222164511893
299,2,349.0261336606539,363.22408196497105,0.2282196892886358,363.45230165425966,14.197948304317151,14.426167993605759
300,1,349.3172942041031,363.31652731533177,3.6422714580755473,366.9587987734073,13.999233111228648,17.641504569304175
301,2,350.31447226190147,363.45230165425966,0.5336803110342165,363.9859819652939,13.137829392358185,13.671509703392417
302,2,351.1915887253315,363.9859819652939,6.2147252187394155,370.2007071840333,12.794393239962403,19.009118458701835
303,1,351.7977399932147,366.9587987734073,0.7139608167991083,367.6727595902064,15.161058780192604,15.875019596991706
304,1,352.2700313902506,367.6727595902064,2.113229177413907,369.7859887676203,15.402728199955789,17.515957377369716
305,1,352.27464199050286,369.7859887676203,0.43887257899647597,370.2248613466168,17.511346777117467,17.950219356113962
306,2,352.92911723560906,370.2007071840333,7.925857664400199,378.12656484843353,17.271589948424264,25.197447612824476
307,1,353.29160468445673,370.2248613466168,4.338446333703708,374.5633076803205,16.93325666216009,21.27170299586379
308,1,355.8368664856062,374.5633076803205,2.280706557095598,376.8440142374161,18.72644119471431,21.007147751809896
309,1,356.53486155807997,376.8440142374161,3.4849700847737397,380.32898432218985,20.309152679336137,23.794122764109886
310,2,356.6347144110128,378.12656484843353,2.030498015274865,380.1570628637084,21.491850437420737,23.52234845269561
311,2,356.8107795465532,380.1570628637084,3.742189732285317,383.89925259599374,23.346283317155212,27.08847304944055
312,1,357.09983466702806,380.32898432218985,0.5343184672082204,380.86330278939806,23.22914965516179,23.76346812237
313,1,357.32404150003504,380.86330278939806,1.3091162746069487,382.172419064005,23.539261289363026,24.84837756396996
314,1,357.44063330386007,382.172419064005,1.7370086172949952,383.9094276813,24.73178576014493,26.468794377439906
315,2,358.11751148270406,383.89925259599374,1.9904253538009813,385.8896779497947,25.781741113289684,27.772166467090642
316,1,358.38148394779364,383.9094276813,0.4051522790277357,384.3145799603277,25.527943733506334,25.933096012534065
317,1,361.4025445555708,384.3145799603277,0.21927506367420502,384.5338550240019,22.91203540475692,23.13131046843114
318,1,362.062707903582,384.5338550240019,4.335374261387791,388.86922928538974,22.471147120419914,26.806521381807727
319,2,362.9813738710327,385.8896779497947,0.7332263910267809,386.6229043408215,22.908304078762,23.64153046978879
320,2,363.20482238967753,386.6229043408215,0.574894704224342,387.1977990450458,23.41808195114396,23.992976655368295
321,2,363.59346108686634,387.1977990450458,6.147995752056421,393.34579479710226,23.604337958179485,29.752333710235916
322,1,364.4208252884036,388.86922928538974,0.6061661003737828,389.47539538576353,24.448403996986144,25.054570097359942
323,1,364.4316362618112,389.47539538576353,0.9843767532915139,390.4597721390551,25.043759123952327,26.02813587724387
324,1,365.8561466820932,390.4597721390551,6.403276254077443,396.86304839313254,24.60362545696188,31.006901711039347
325,2,365.93423228639296,393.34579479710226,1.4519565738910307,394.7977513709933,27.411562510709302,28.86351908460034
326,2,366.9139589487251,394.7977513709933,1.6032691337898888,396.40102050478316,27.883792422268186,29.487061556058052
327,2,368.28712306633656,396.40102050478316,0.3269564524310776,396.72797695721425,28.1138974384466,28.44085389087769
328,2,368.51755543504845,396.72797695721425,2.1306107596098105,398.85858771682405,28.210421522165802,30.341032281775597
329,1,368.6323315593863,396.86304839313254,1.5590512106246996,398.42209960375726,28.23071683374627,29.789768044370987
330,1,370.3217450254454,398.42209960375726,2.7816496113435445,401.2037492151008,28.10035457831185,30.88200418965539
331,2,370.7380101448629,398.85858771682405,3.22801106578312,402.08659878260715,28.12057757196112,31.34858863774423
332,1,371.18493763047604,401.2037492151008,2.1434480677503682,403.34719728285114,30.018811584624757,32.1622596523751
333,2,371.20496954564965,402.08659878260715,6.239281698933127,408.32588048154025,30.881629236957508,37.120910935890606
334,1,372.67595181644197,403.34719728285114,0.6146633636739509,403.9618606465251,30.671245466409175,31.285908830083144
335,1,374.8084471655637,403.9618606465251,0.21998787423741703,404.1818485207625,29.153413480961433,29.373401355198837
336,1,375.25328109419803,404.1818485207625,1.6488584147370886,405.8307069354996,28.928567426564484,30.57742584130159
337,1,375.6736633678267,405.8307069354996,1.2437811640791343,407.07448809957873,30.15704356767293,31.40082473175204
338,1,376.2348382803019,407.07448809957873,5.304571816165212,412.37905991574394,30.839649819276815,36.14422163544202
339,2,377.46286805735144,408.32588048154025,0.518026089592308,408.84390657113255,30.86301242418881,31.381038513781107
340,2,378.45010026928054,408.84390657113255,0.8664273216944142,409.71033389282695,30.39380630185201,31.260233623546412
341,2,378.60326090712766,409.71033389282695,2.6995106770448833,412.40984456987184,31.10707298569929,33.806583662744174
342,1,378.6994275133273,412.37905991574394,2.1868026769414617,414.5658625926854,33.679632402416644,35.8664350793581
343,2,378.7002417529502,412.40984456987184,0.760309589630407,413.17015415950226,33.70960281692163,34.469912406552055
344,2,379.3535644249299,413.17015415950226,4.745881195834339,417.9160353553366,33.81658973457235,38.562470930406676
345,1,379.73550282212244,414.5658625926854,2.577817032508189,417.14367962519356,34.83035977056295,37.408176803071115
346,1,380.85839427499445,417.14367962519356,3.9010809481414506,421.044760573335,36.2852853501991,40.186366298340545
347,2,380.9376615259586,417.9160353553366,9.712248919225303,427.6282842745619,36.97837382937797,46.69062274860329
348,1,381.0010556735129,421.044760573335,0.19128141071346413,421.2360419840485,40.0437048998221,40.23498631053559
349,1,381.066135715733,421.2360419840485,0.6575069697599026,421.89354895380836,40.16990626831546,40.82741323807534
350,1,381.3454278367424,421.89354895380836,0.015173375201118089,421.9087223290095,40.54812111706599,40.56329449226712
351,1,381.37113628236943,421.9087223290095,1.7408685403496653,423.64959086935914,40.53758604664006,42.27845458698971
352,1,381.9943017628257,423.64959086935914,1.1839635746136585,424.8335544439728,41.65528910653342,42.83925268114706
353,1,382.45568746210836,424.8335544439728,0.14205327623161623,424.9756077202044,42.37786698186443,42.51992025809602
354,1,383.8050576173826,424.9756077202044,4.367888759236836,429.3434964794412,41.17055010282178,45.53843886205863
355,2,386.1704911653442,427.6282842745619,0.16110277714481208,427.78938705170674,41.45779310921773,41.618895886362566
356,2,388.55874247280366,427.78938705170674,1.7889970333610634,429.5783840850678,39.23064457890308,41.01964161226414
357,1,388.72493488958656,429.3434964794412,0.6539421264256778,429.99743860586693,40.618561589854664,41.27250371628037
358,2,389.31240362889054,429.5783840850678,0.3058577616700571,429.88424184673784,40.26598045617726,40.5718382178473
359,2,392.5856711682432,429.88424184673784,0.6331068222901712,430.517348669028,37.29857067849463,37.931677500784815
360,1,393.87331229472636,429.99743860586693,0.7747799195885152,430.77221852545546,36.12412631114057,36.8989062307291
361,2,394.00065191992064,430.517348669028,0.5564437017148194,431.07379237074286,36.51669674910738,37.07314045082222
362,1,394.5412421711349,430.77221852545546,0.7545163477824239,431.5267348732379,36.230976354320546,36.98549270210299
363,2,397.8721696563727,431.07379237074286,0.7381148790584163,431.81190724980127,33.20162271437016,33.93973759342856
364,1,397.8979617774609,431.5267348732379,3.537074610729302,435.0638094839672,33.62877309577698,37.16584770650627
365,2,398.9869786801473,431.81190724980127,0.7668470497721285,432.5787542995734,32.82492856965399,33.59177561942613
366,2,399.295703891618,432.5787542995734,2.092738396246993,434.6714926958204,33.283050407955386,35.37578880420239
367,2,403.2744973777818,434.6714926958204,3.1546836151243443,437.82617631094473,31.39699531803859,34.55167893316292
368,1,404.1149327434258,435.0638094839672,0.5187936308011949,435.5826031147684,30.94887674054138,31.467670371342592
369,1,404.6659783573669,435.5826031147684,0.943908948987658,436.52651206375606,30.916624757401507,31.860533706389162
370,1,404.67833131441114,436.52651206375606,3.159278614020568,439.68579067777665,31.84818074934492,35.00745936336551
371,2,404.8980206425902,437.82617631094473,0.9156722150215485,438.7418485259663,32.92815566835452,33.84382788337609
372,2,405.3666543168837,438.7418485259663,0.6539192061109834,439.3957677320773,33.37519420908262,34.02911341519359
373,2,405.6617648059608,439.3957677320773,0.24469002962781902,439.6404577617051,33.73400292611649,33.97869295574429
374,2,406.64217734663407,439.6404577617051,0.22925734778468856,439.8697151094898,32.99828041507101,33.22753776285572
375,1,406.89501423183066,439.68579067777665,1.2329713409199774,440.9187620186966,32.790776445945994,34.023747786865954
376,2,406.9503310856044,439.8697151094898,1.4783111900809318,441.34802629957073,32.919384023885414,34.39769521396636
377,1,408.35871668138975,440.9187620186966,1.1152340521074595,442.03399607080405,32.56004533730686,33.6752793894143
378,2,408.72514434745057,441.34802629957073,0.476324747212372,441.8243510467831,32.62288195212017,33.09920669933251
379,2,409.4312667829389,441.8243510467831,0.3799257585820959,442.20427680536517,32.39308426384417,32.77301002242626
380,1,409.5526494475592,442.03399607080405,0.41130985569896383,442.445305926503,32.48134662324486,32.89265647894382
381,2,412.00888764815033,442.20427680536517,7.140066465821125,449.3443432711863,30.195389157214834,37.335455623035955
382,1,413.6881451847811,442.445305926503,0.6923008499127664,443.1376067764158,28.75716074172192,29.4494615916347
383,1,415.40839584695885,443.1376067764158,1.8318451287798316,444.9694519051956,27.72921092945694,29.561056058236773
384,1,415.998458573478,444.9694519051956,4.994508140055273,449.9639600452509,28.970993331717636,33.96550147177288
385,2,416.28289121930754,449.3443432711863,3.313362838318131,452.65770610950443,33.061452051878746,36.37481489019689
386,1,416.5349209190451,449.9639600452509,0.7033258186240746,450.66728586387495,33.429039126205794,34.132364944829874
387,1,417.41740593697006,450.66728586387495,0.9414126315976387,451.6086984954726,33.249879926904896,34.19129255850254
388,1,419.75800738174854,451.6086984954726,3.7930059671957133,455.4017044626683,31.850691113724054,35.643697080919765
389,2,420.7814995790147,452.65770610950443,0.6801890956737839,453.3378952051782,31.876206530489753,32.55639562616352
390,2,421.30936558812533,453.3378952051782,3.3761908782226993,456.7140860834009,32.02852961705287,35.40472049527557
391,1,425.66129769053407,455.4017044626683,2.0021351992491776,457.40383966191746,29.740406772134236,31.74254197138339
392,2,425.99754458149175,456.7140860834009,3.9894205497157347,460.70350663311666,30.71654150190915,34.70596205162491
393,1,428.2006250671535,457.40383966191746,3.4079778545465182,460.811817516464,29.20321459476395,32.611192449310465
394,2,428.91988436742264,460.70350663311666,0.81048904218304,461.5139956752997,31.78362226569402,32.594111307877085
395,1,431.6010770206366,460.811817516464,9.101089277200678,469.91290679366466,29.210740495827395,38.31182977302808
396,2,431.8733131035245,461.5139956752997,0.33925437965748945,461.8532500549572,29.640682571775244,29.979936951432705
397,2,433.46500293933576,461.8532500549572,0.3057334085400793,462.1589834634973,28.388247115621425,28.69398052416153
398,2,434.7054387434477,462.1589834634973,0.4876098647012242,462.6465933281985,27.453544720049592,27.94115458475079
399,2,435.72429028577096,462.6465933281985,3.345445082890221,465.9920384110887,26.92230304242753,30.267748125317723
400,2,437.96697386647077,465.9920384110887,5.921642472522849,471.91368088361156,28.02506454461792,33.946707017140795
401,1,438.19566416961493,469.91290679366466,3.7284905819108616,473.64139737557554,31.71724262404973,35.44573320596061
402,2,438.30989863213813,471.91368088361156,4.362816026884588,476.2764969104962,33.60378225147343,37.96659827835805
403,1,438.4184281043004,473.64139737557554,0.013517676805575625,473.6549150523811,35.22296927127513,35.23648694808071
404,1,440.05939057586835,473.6549150523811,1.0726520819242542,474.7275671343054,33.595524476512765,34.66817655843704
405,1,440.39040179443555,474.7275671343054,2.51901062407806,477.24657775838347,34.33716533986984,36.85617596394792
406,2,440.9203271528183,476.2764969104962,2.5144379031325235,478.7909348136287,35.35616975767789,37.870607660810435
407,1,441.25758689466073,477.24657775838347,1.7269858613963005,478.9735636197798,35.988990863722734,37.71597672511905
408,2,442.9702889574867,478.7909348136287,3.3078900548522054,482.0988248684809,35.82064585614205,39.12853591099423
409,1,443.44895827989563,478.9735636197798,0.9614294149091939,479.934993034689,35.52460533988415,36.486034754793366
410,1,446.66550061581,479.934993034689,2.8251283211610705,482.76012135585006,33.269492418879,36.09462074004006
411,2,448.8131454256692,482.0988248684809,1.2098659440595803,483.3086908125405,33.28567944281173,34.4955453868713
412,1,449.26733145836675,482.76012135585006,5.4851725545929595,488.245293910443,33.492789897483306,38.97796245207627
413,2,449.27858719249565,483.3086908125405,3.8205115061016186,487.1292023186421,34.03010362004483,37.850615126146465
414,2,449.70858601056915,487.1292023186421,0.9732153309437496,488.10241764958585,37.420616308072965,38.393831639016696
415,2,450.1437183608706,488.10241764958585,0.24373911724216724,488.346156766828,37.95869928871525,38.20243840595742
416,1,450.9847251403611,488.245293910443,1.604775035691367,489.8500689461344,37.26056877008193,38.86534380577331
417,2,452.13482925143404,488.346156766828,2.630696128130581,490.9768528949586,36.211327515393975,38.842023643524556
418,1,452.2572688719775,489.8500689461344,1.5943711442995059,491.4444400904339,37.59280007415691,39.1871712184564
419,2,452.949593249834,490.9768528949586,1.9322215418666067,492.9090744368252,38.027259645124616,39.95948118699124
420,1,453.12438311237304,491.4444400904339,0.9081500166810674,492.35259010711496,38.32005697806085,39.228206994741925
421,1,454.01796224338244,492.35259010711496,1.3404577975727463,493.6930479046877,38.33462786373252,39.675085661305275
422,2,454.86954352857595,492.9090744368252,0.22254990413045128,493.1316243409557,38.039530908249276,38.262080812379736
423,2,455.16355062407365,493.1316243409557,1.2963024505516398,494.42792679150733,37.96807371688203,39.26437616743368
424,1,459.5377421850056,493.6930479046877,2.284625072511974,495.9776729771997,34.15530571968213,36.439930792194104
425,2,459.848918274069,494.42792679150733,6.119093154999844,500.5470199465072,34.57900851743835,40.69810167243821
426,1,461.21113506895097,495.9776729771997,0.050518358699688286,496.02819133589935,34.76653790824872,34.817056266948384
427,1,462.18101804322237,496.02819133589935,6.224932086699909,502.2531234225993,33.847173292676985,40.07210537937692
428,2,462.7622486752107,500.5470199465072,2.295035922202061,502.8420558687093,37.784771271296506,40.079807193498596
429,1,464.27904421483504,502.2531234225993,4.541827845581701,506.79495126818097,37.97407920776425,42.51590705334593
430,2,467.26923270102384,502.8420558687093,0.4488451677788453,503.29090103648815,35.57282316768544,36.02166833546431
431,2,467.82243557490244,503.29090103648815,1.780522279143878,505.07142331563205,35.46846546158571,37.2489877407296
432,2,468.0838412853716,505.07142331563205,2.656963999082054,507.7283873147141,36.987582030260455,39.64454602934251
433,1,468.32434637356016,506.79495126818097,2.9468556774437196,509.74180694562466,38.470604894620806,41.4174605720645
434,2,469.6117665363533,507.7283873147141,5.389434193251655,513.1178215079658,38.11662077836081,43.506054971612514
435,1,473.3163460939643,509.74180694562466,1.287026677162852,511.0288336227875,36.425460851660375,37.7124875288232
436,1,475.7310681683883,511.0288336227875,6.295406097713367,517.3242397205008,35.29776545439921,41.59317155211255
437,2,476.88298558887703,513.1178215079658,0.2727117151746706,513.3905332231404,36.234835919088766,36.5075476342634
438,2,478.43152762096935,513.3905332231404,1.8310188908060243,515.2215521139465,34.95900560217109,36.790024492977125
439,2,479.23420190286674,515.2215521139465,2.6674386699020287,517.8889907838485,35.98735021107973,38.654788880981755
440,1,481.29441006658914,517.3242397205008,1.9824905938761135,519.306730314377,36.02982965391169,38.01232024778784
441,2,483.0002549962154,517.8889907838485,0.5472663385471674,518.4362571223957,34.888735787633095,35.436002126180256
442,2,483.380447900655,518.4362571223957,1.5025632475649024,519.9388203699606,35.055809221740674,36.558372469305596
443,1,483.83252952692817,519.306730314377,0.7289651829466651,520.0356954973237,35.47420078744881,36.2031659703955
444,2,484.3403631856892,519.9388203699606,4.487373531942506,524.426193901903,35.59845718427135,40.08583071621382
445,1,485.17396707613125,520.0356954973237,2.837832342552219,522.8735278398759,34.861728421192424,37.69956076374467
446,1,485.278072637077,522.8735278398759,2.241071363435873,525.1145992033117,37.59545520279892,39.83652656623474
447,2,487.078199854524,524.426193901903,0.07881171995457728,524.5050056218577,37.347994047379075,37.42680576733369
448,2,487.2531682473965,524.5050056218577,0.3824500338773144,524.8874556557349,37.25183737446116,37.63428740833842
449,2,489.49204671842745,524.8874556557349,0.14733003054492486,525.0347856862799,35.39540893730748,35.542738967852415
450,2,490.72152198823466,525.0347856862799,0.3581055932146359,525.3928912794945,34.313263698045205,34.67136929125985
451,1,491.04864451564293,525.1145992033117,0.6692857353840218,525.7838849386958,34.06595468766881,34.73524042305286
452,2,491.17704455012,525.3928912794945,1.7709593778330688,527.1638506573275,34.215846729374505,35.98680610720754
453,1,493.437669511702,525.7838849386958,2.7891237779343325,528.5730087166302,32.34621542699381,35.13533920492819
454,2,493.9746717029634,527.1638506573275,0.10062256476756647,527.2644732220951,33.18917895436414,33.28980151913174
455,2,496.4363533881115,527.2644732220951,2.9877379848814765,530.2522112069767,30.828119833983635,33.81585781886514
456,1,498.26231247067483,528.5730087166302,1.5627849035187296,530.1357936201489,30.31069624595534,31.87348114947406
457,1,500.1072859970278,530.1357936201489,3.086824579335054,533.2226181994839,30.028507623121072,33.1153322024561
458,2,500.2483472006109,530.2522112069767,7.769472160011837,538.0216833669884,30.003864006365745,37.77333616637753
459,1,500.4126907346079,533.2226181994839,0.15190025259508885,533.374518452079,32.80992746487601,32.96182771747107
460,1,500.8776911783204,533.374518452079,2.4813551271881713,535.8558735792672,32.49682727375858,34.978182400946764
461,1,501.0157194158205,535.8558735792672,6.172445835773145,542.0283194150403,34.84015416344664,41.01259999921979
462,2,501.1318524249577,538.0216833669884,0.1306877679885922,538.152371134977,36.889830942030756,37.0205187100193
463,2,507.0021681089692,538.152371134977,0.7021201377993695,538.8544912727764,31.150203026007773,31.85232316380717
464,2,507.0593649589313,538.8544912727764,8.713064026232711,547.5675552990091,31.79512631384506,40.50819034007776
465,1,508.3076251126998,542.0283194150403,1.3471778096015103,543.3754972246418,33.72069430234052,35.067872111941995
466,1,508.74789036360824,543.3754972246418,0.7681367640897828,544.1436339887316,34.62760686103354,35.39574362512337
467,1,509.26906331078646,544.1436339887316,0.6551643283256285,544.7987983170573,34.874570677945144,35.52973500627081
468,1,510.20345107708175,544.7987983170573,0.7459762788678813,545.5447745959251,34.595347239975524,35.34132351884335
469,1,512.2665750607878,545.5447745959251,3.004095302184322,548.5488698981094,33.27819953513733,36.282294837321615
470,2,513.684679819817,547.5675552990091,1.044919730733105,548.6124750297422,33.88287547919208,34.92779520992519
471,1,513.8142340788223,548.5488698981094,1.1080845790258302,549.6569544771352,34.734635819287064,35.84272039831285
472,2,516.31173230528,548.6124750297422,0.7737106670018161,549.3861856967441,32.300742724462225,33.07445339146409
473,2,516.9605154762812,549.3861856967441,6.211644208831519,555.5978299055756,32.42567022046285,38.637314429294406
474,1,517.9186850003869,549.6569544771352,0.9142482221722247,550.5712026993074,31.738269476748314,32.65251769892052
475,1,519.0821511099866,550.5712026993074,0.019138750754490418,550.5903414500618,31.489051589320752,31.508190340075203
476,1,519.6617998888362,550.5903414500618,2.7178276528121903,553.308169102874,30.928541561225643,33.646369214037804
477,1,519.7467118179384,553.308169102874,2.9523394086704684,556.2605085115445,33.561457284935614,36.51379669360608
478,2,521.4555971184469,555.5978299055756,2.1742433589071424,557.7720732644827,34.142232787128705,36.316476146035825
479,1,521.8524290796627,556.2605085115445,0.6679302030624854,556.928438714607,34.40807943188179,35.076009634944285
480,1,523.6858094267541,556.928438714607,0.11992190257317073,557.0483606171802,33.24262928785288,33.362551190426075
481,1,525.4199551080162,557.0483606171802,1.2946490247936027,558.3430096419737,31.62840550916394,32.9230545339575
482,2,529.3531172016006,557.7720732644827,0.802243549331346,558.5743168138141,28.418956062882103,29.221199612213468
483,1,531.4686212954689,558.3430096419737,2.3475707280842055,560.6905803700579,26.874388346504816,29.221959074588995
484,2,533.4544905904493,558.5743168138141,0.9711245373294973,559.5454413511436,25.11982622336484,26.09095076069434
485,2,534.2484320599427,559.5454413511436,1.321917254490029,560.8673586056336,25.29700929120088,26.618926545690897
486,1,534.8858694688046,560.6905803700579,1.5901262979111221,562.280706667969,25.804710901253316,27.394837199164385
487,2,535.0992906117492,560.8673586056336,0.7585694566110113,561.6259280622446,25.768067993884415,26.5266374504954
488,2,535.653608766923,561.6259280622446,1.5556019167996615,563.1815299790443,25.972319295321654,27.527921212121328
489,1,537.5678517936004,562.280706667969,1.150712523589399,563.4314191915583,24.71285487436853,25.863567397957922
490,2,538.688421326057,563.1815299790443,0.9684096695102463,564.1499396485546,24.493108652987303,25.461518322497568
491,1,539.6406979705512,563.4314191915583,1.1941094495096702,564.6255286410681,23.790721221007175,24.984830670516885
492,2,542.7990423643706,564.1499396485546,0.1181013873054629,564.26804103586,21.35089728418393,21.46899867148943
493,2,547.3732280893712,564.26804103586,2.5580377234059,566.8260787592659,16.894812946488855,19.4528506698947
494,1,548.3727614171686,564.6255286410681,2.820701536214062,567.4462301772821,16.25276722389947,19.073468760113542
495,2,550.2889823245719,566.8260787592659,0.04853082183336603,566.8746095810992,16.537096434694035,16.585627256527346
496,2,550.4146340398414,566.8746095810992,0.3993148020719421,567.2739243831711,16.45997554125779,16.85929034332969
497,2,551.2741653184561,567.2739243831711,0.48815460650245335,567.7620789896736,15.999759064715022,16.487913671217484
498,1,552.0046244567432,567.4462301772821,0.43052290890509354,567.8767530861873,15.441605720538973,15.872128629444092
499,2,552.3377231356382,567.7620789896736,0.9919020992730353,568.7539810889466,15.424355854035412,16.416257953308445
500,1,555.6302869304774,567.8767530861873,1.2452507673294628,569.1220038535167,12.246466155709868,13.491716923039348
501,2,555.7025384136488,568.7539810889466,0.2869540235268992,569.0409351124734,13.051442675297835,13.338396698824681
502,2,556.9517799859185,569.0409351124734,2.1171077517058907,571.1580428641794,12.089155126554942,14.206262878260873
503,1,557.2750562278717,569.1220038535167,1.3000594533161502,570.4220633068329,11.846947625645043,13.147007078961224
504,1,557.7734949819763,570.4220633068329,0.04816896149170819,570.4702322683246,12.64856832485657,12.696737286348252
505,1,559.5186426658673,570.4702322683246,1.8247861596865727,572.2950184280112,10.951589602457261,12.776375762143857
506,2,560.443326150235,571.1580428641794,0.15338284010665587,571.3114257042861,10.714716713944426,10.868099554051128
507,2,560.7419114848037,571.3114257042861,1.6680266679244657,572.9794523722105,10.569514219482357,12.237540887406794
508,1,561.3231484304774,572.2950184280112,0.7680668743365346,573.0630853023478,10.971869997533759,11.739936871870327
509,2,561.7504983473597,572.9794523722105,7.265182316990659,580.2446346892011,11.22895402485085,18.494136341841454
510,1,563.0401489386619,573.0630853023478,2.937880643325953,576.0009659456737,10.022936363685858,12.96081700701177
511,1,564.0573712335823,576.0009659456737,2.3479531563863723,578.34891910206,11.94359471209134,14.291547868477664
512,1,565.5146736206366,578.34891910206,4.194643028833368,582.5435621308934,12.834245481423409,17.02888851025682
513,2,565.6397887852487,580.2446346892011,0.8027527857007399,581.0473874749018,14.604845903952423,15.407598689653128
514,2,568.1491231439186,581.0473874749018,1.723724884383059,582.7711123592849,12.898264330983238,14.621989215366284
515,1,568.2915582919819,582.5435621308934,2.9851406932329883,585.5287028241264,14.252003838911492,17.237144532144498
516,2,568.4346698202237,582.7711123592849,2.149361618508541,584.9204739777934,14.336442539061181,16.48580415756976
517,2,571.1094391211801,584.9204739777934,1.313753836457676,586.2342278142511,13.811034856613333,15.124788693070968
518,1,571.8245328558953,585.5287028241264,1.8622838918288551,587.3909867159553,13.7041699682311,15.566453860059937
519,2,573.1086898695713,586.2342278142511,0.20104547087081573,586.4352732851219,13.125537944679763,13.326583415550544
520,2,573.2878763125382,586.4352732851219,1.251831602746485,587.6871048878684,13.147396972583692,14.399228575330199
521,1,574.4880150329727,587.3909867159553,2.712389048724125,590.1033757646794,12.902971682982525,15.615360731706687
522,2,578.4957698505257,587.6871048878684,2.199881132006301,589.8869860198747,9.191335037342697,11.391216169349036
523,2,578.8161405650944,589.8869860198747,6.73061335813211,596.6175993780068,11.070845454780283,17.801458812912415
524,1,580.1493245708123,590.1033757646794,2.154678310046565,592.258054074726,9.954051193867144,12.108729503913764
525,1,582.1273279930949,592.258054074726,1.0756128487295473,593.3336669234556,10.13072608163111,11.20633893036063
526,1,584.6060274071272,593.3336669234556,3.565683194843578,596.8993501182991,8.727639516328395,12.293322711171982
527,2,585.4197798658485,596.6175993780068,1.7211840993176066,598.3387834773245,11.19781951215839,12.919003611476
528,1,585.4622088587407,596.8993501182991,0.45692341200648595,597.3562735303057,11.437141259558416,11.894064671564934
529,1,586.2744296004214,597.3562735303057,0.45594561947606926,597.8122191497818,11.081843929884258,11.537789549360355
530,1,589.4689131721028,597.8122191497818,1.2675173320929047,599.0797364818746,8.343305977678938,9.610823309771831
531,2,590.811659964553,598.3387834773245,3.6350533914451875,601.9738368687697,7.527123512771482,11.162176904216722
532,1,592.1332159371635,599.0797364818746,2.829289432458693,601.9090259143334,6.94652054471112,9.775809977169843
533,1,592.5273833068826,601.9090259143334,1.4720332405484116,603.3810591548818,9.381642607450772,10.85367584799917
534,2,593.1942109862938,601.9738368687697,2.0114188082520883,603.9852556770218,8.779625882475898,10.791044690727972
535,1,594.2533955377144,603.3810591548818,2.430004538701944,605.8110636935837,9.1276636171674,11.55766815586935
536,2,594.5968941516281,603.9852556770218,3.911168561853311,607.896424238875,9.388361525393634,13.299530087246922
537,1,595.9799708401465,605.8110636935837,2.826261775984186,608.6373254695679,9.831092853437212,12.657354629421434
538,2,596.3761327868021,607.896424238875,4.399248223302578,612.2956724621777,11.520291452072911,15.919539675375518
539,1,597.5498333400247,608.6373254695679,5.377759047635197,614.0150845172031,11.087492129543193,16.465251177178402
540,2,597.6107097706323,612.2956724621777,0.4233832899463318,612.719055752124,14.684962691545365,15.108345981491652
541,2,598.1199705280366,612.719055752124,1.2669354432575481,613.9859911953815,14.59908522408739,15.86602066734497
542,2,599.0209319388155,613.9859911953815,0.023324641613403047,614.0093158369949,14.965059256566065,14.98838389817945
543,2,599.3517603167427,614.0093158369949,1.6608023857361993,615.6701182227312,14.657555520252231,16.318357905988478
544,1,601.1509526100419,614.0150845172031,2.0979251106100336,616.1130096278132,12.864131907161209,14.962057017771258
545,2,601.1811348650912,615.6701182227312,0.5289176246276044,616.1990358473588,14.488983357639995,15.017900982267633
546,1,601.7168514868903,616.1130096278132,5.64936748206609,621.7623771098793,14.396158140922921,20.045525622988976
547,2,602.7386695734035,616.1990358473588,0.26013324739179644,616.4591690947506,13.460366273955287,13.720499521347051
548,2,604.1083294473086,616.4591690947506,0.1477705124429526,616.6069396071936,12.350839647441944,12.498610159884947
549,2,604.2045307793979,616.6069396071936,1.22297212145856,617.8299117286522,12.402408827795625,13.625380949254236
550,2,604.7734619829606,617.8299117286522,6.909955659991988,624.7398673886441,13.056449745691566,19.96640540568353
551,1,605.6522171996041,621.7623771098793,2.8355125344838727,624.5978896443631,16.110159910275115,18.945672444758998
552,1,607.0163291365019,624.5978896443631,0.04718886758717614,624.6450785119503,17.58156050786124,17.628749375448365
553,1,607.065889234465,624.6450785119503,1.3607518362169764,626.0058303481673,17.579189277485284,18.939941113702275
554,2,607.6807953942547,624.7398673886441,6.404379951195213,631.1442473398394,17.059071994389456,23.463451945584666
555,1,607.7288564731315,626.0058303481673,2.8239404003235764,628.8297707484908,18.276973875035765,21.100914275359287
556,1,608.0542653769061,628.8297707484908,2.169576545852528,630.9993472943434,20.7755053715847,22.945081917437278
557,1,608.3431645062224,630.9993472943434,2.110719440287544,633.1100667346309,22.656182788120987,24.766902228408526
558,2,609.4317967865642,631.1442473398394,3.839187616188522,634.9834349560278,21.712450553275175,25.551638169463672
559,1,609.8747813132835,633.1100667346309,1.3502090408833216,634.4602757755142,23.235285421347385,24.585494462230713
560,1,610.3473492559019,634.4602757755142,2.7575332699404975,637.2178090454547,24.1129265196123,26.870459789552797
561,2,615.4134243485023,634.9834349560278,0.47766725839881446,635.4611022144267,19.570010607525546,20.047677865924356
562,2,616.6438048668579,635.4611022144267,1.9019242301502226,637.3630264445769,18.817297347568797,20.719221577719054
563,1,618.3216841400877,637.2178090454547,1.058138031102078,638.2759470765568,18.89612490536706,19.95426293646915
564,2,618.6121883796411,637.3630264445769,0.315437889364385,637.6784643339413,18.750838064935806,19.06627595430018
565,2,618.8350366030365,637.6784643339413,0.6572860309628354,638.3357503649041,18.84342773090475,19.500713761867587
566,1,619.470088394969,638.2759470765568,1.4199029890333543,639.6958500655902,18.80585868158778,20.225761670621182
567,2,619.708709652352,638.3357503649041,1.661236150295746,639.9969865151999,18.627040712552116,20.28827686284785
568,1,620.9870602801349,639.6958500655902,1.178326939491573,640.8741770050818,18.708789785455338,19.887116724946964
569,2,621.0007361411507,639.9969865151999,1.8656854491546069,641.8626719643545,18.99625037404917,20.861935823203794
570,1,622.2412460404934,640.8741770050818,4.262129743916706,645.1363067489985,18.632930964588468,22.895060708505184
571,2,624.4336809470228,641.8626719643545,0.20376764889787613,642.0664396132523,17.42899101733167,17.632758666229506
572,2,626.8061500277835,642.0664396132523,2.3822615053434517,644.4487011185957,15.260289585468854,17.642551090812276
573,2,628.3178358874313,644.4487011185957,1.827493887329147,646.2761950059249,16.13086523116442,17.958359118493604
574,1,628.6710226642927,645.1363067489985,1.876092990301968,647.0123997393005,16.4652840847059,18.341377075007813
575,2,628.9211921737256,646.2761950059249,1.4509262405170051,647.7271212464419,17.355002832199375,18.805929072716367
576,1,628.9245097869344,647.0123997393005,0.6965504377039206,647.7089501770043,18.087889952366027,18.784440390069904
577,1,629.6679777951027,647.7089501770043,1.261066887026107,648.9700170640305,18.04097238190161,19.30203926892773
578,2,630.3513099794719,647.7271212464419,0.9022607455457481,648.6293819919877,17.375811266970004,18.278072012515736
579,2,631.4699145445783,648.6293819919877,4.071982180118271,652.701364172106,17.159467447409384,21.231449627527695
580,1,633.6790006876606,648.9700170640305,5.3734384335591745,654.3434554975896,15.29101637636984,20.664454809928998
581,2,633.9339207163486,652.701364172106,1.7312959550708305,654.4326601271767,18.767443455757416,20.498739410828193
582,1,634.0348206969284,654.3434554975896,1.8830216775867838,656.2264771751765,20.308634800661252,22.191656478248092
583,2,634.356090181606,654.4326601271767,1.4347204034190453,655.8673805305958,20.076569945570782,21.51129034898986
584,2,634.5041249253436,655.8673805305958,1.4396713070457638,657.3070518376416,21.36325560525222,22.80292691229795
585,1,635.4483315693745,656.2264771751765,3.2909551086378417,659.5174322838143,20.77814560580191,24.06910071443974
586,2,636.4785712553119,657.3070518376416,1.5156447421902164,658.8226965798318,20.82848058232969,22.34412532451995
587,2,637.2251252013668,658.8226965798318,2.971454285909962,661.7941508657418,21.597571378464977,24.569025664374976
588,1,638.2052233941207,659.5174322838143,0.361862291004426,659.8792945748187,21.31220888969358,21.67407118069798
589,1,638.5469728654765,659.8792945748187,2.016732825169539,661.8960273999883,21.33232170934218,23.349054534511765
590,2,638.8612864488477,661.7941508657418,3.597490224405807,665.3916410901476,22.932864416894063,26.530354641299823
591,1,639.3136190799052,661.8960273999883,1.6929034377898626,663.5889308377781,22.58240832008312,24.27531175787294
592,1,639.776023213846,663.5889308377781,0.019295287214704464,663.6082261249928,23.81290762393212,23.83220291114685
593,1,641.6561708678731,663.6082261249928,0.7401538884664423,664.3483800134593,21.952055257119696,22.692209145586162
594,1,642.4591545422612,664.3483800134593,2.612609707323021,666.9609897207823,21.889225471198074,24.501835178521105
595,2,644.2835678410825,665.3916410901476,4.33063677798586,669.7222778681335,21.108073249065114,25.438710027051002
596,1,644.4118071450189,666.9609897207823,0.4233673414491557,667.3843570622315,22.54918257576344,22.972549917212632
597,1,644.4690046620572,667.3843570622315,2.5744175736082178,669.9587746358397,22.915352400174356,25.489769973782586
598,2,647.9608682027293,669.7222778681335,4.357569403045512,674.079847271179,21.76140966540413,26.118979068449676
599,1,648.905355327537,669.9587746358397,0.7712593616297796,670.7300339974695,21.05341930830275,21.824678669932496
600,1,649.6173904718943,670.7300339974695,4.409904610171615,675.139938607641,21.11264352557521,25.522548135746774
601,2,649.6782400824359,674.079847271179,0.610107119835653,674.6899543910147,24.401607188743128,25.011714308578803
602,2,649.857035139216,674.6899543910147,1.100831109702189,675.7907855007169,24.83291925179867,25.93375036150087
603,1,651.3903444535389,675.139938607641,2.316235874227594,677.4561744818686,23.74959415410217,26.065830028329742
604,2,651.615225995659,675.7907855007169,0.9147606007671604,676.7055461014841,24.17555950505789,25.09032010582507
605,2,651.709087929306,676.7055461014841,1.854566728907976,678.5601128303921,24.99645817217811,26.851024901086134
606,1,654.484121065171,677.4561744818686,1.97333455866537,679.429509040534,22.972053416697577,24.945387975362905
607,2,656.4381276859443,678.5601128303921,0.20855118652710447,678.7686640169192,22.121985144447763,22.330536330974837
608,2,658.311244252919,678.7686640169192,2.1310245159860965,680.8996885329052,20.45741976400018,22.58844427998622
609,1,658.328935606989,679.429509040534,3.5711863176848992,683.0006953582189,21.100573433544923,24.671759751229843
610,2,660.5134112593678,680.8996885329052,2.9715023067598376,683.871190839665,20.386277273537416,23.357779580297233
611,1,661.0468350197988,683.0006953582189,1.3194390874609447,684.3201344456799,21.9538603384201,23.273299425881078
612,2,662.1802007968599,683.871190839665,1.5698342501974019,685.4410250898624,21.690990042805083,23.26082429300243
613,1,664.6019569677043,684.3201344456799,0.5649132953264956,684.8850477410064,19.718177477975587,20.283090773302092
614,1,664.9659033624033,684.8850477410064,1.1593169831811312,686.0443647241875,19.91914437860305,21.078461361784207
615,2,666.9946603771835,685.4410250898624,0.008844025382493905,685.4498691152448,18.446364712678815,18.455208738061287
616,2,667.2198131873488,685.4498691152448,0.7032494127034317,686.1531185279483,18.230055927896046,18.93330534059953
617,1,667.6187355450217,686.0443647241875,8.280089273591523,694.3244539977791,18.425629179165867,26.705718452757424
618,2,669.6793651746594,686.1531185279483,0.3910642757179896,686.5441828036663,16.473753353288885,16.864817629006893
619,2,669.8387208416445,686.5441828036663,5.1646436340495345,691.7088264377159,16.705461962021786,21.870105596071312
620,2,670.9914542665177,691.7088264377159,3.050639907032626,694.7594663447485,20.71737217119812,23.768012078230754
621,1,671.154561372089,694.3244539977791,1.7590100913678381,696.0834640891469,23.169892625690068,24.928902717057895
622,2,671.808848335984,694.7594663447485,0.058229723269842146,694.8176960680183,22.950618008764536,23.008847732034383
623,2,671.8273516742017,694.8176960680183,0.6671335916888679,695.4848296597072,22.9903443938166,23.657477985505466
624,2,672.6877044683011,695.4848296597072,1.5122574622093272,696.9970871219165,22.797125191406053,24.30938265361533
625,1,673.0102341412397,696.0834640891469,0.8068497096601601,696.890313798807,23.07322994790718,23.880079657567308
626,1,673.1660310417948,696.890313798807,1.1744731841238114,698.0647869829309,23.724282757012247,24.898755941136073
627,2,673.3417522899406,696.9970871219165,0.22479391160657927,697.221881033523,23.655334831975892,23.880128743582418
628,2,675.8193092186983,697.221881033523,13.507045680449597,710.7289267139726,21.402571814824682,34.90961749527423
629,1,675.9775591900675,698.0647869829309,3.76352276132895,701.8283097442599,22.08722779286336,25.85075055419236
630,1,676.6786615122429,701.8283097442599,0.3697189258733764,702.1980286701332,25.149648232016943,25.519367157890315
631,1,676.7976000255178,702.1980286701332,2.129366229581794,704.327394899715,25.40042864461543,27.52979487419725
632,1,677.2649073466965,704.327394899715,1.213300335708323,705.5406952354234,27.062487553018514,28.27578788872688
633,1,680.4835260493059,705.5406952354234,2.7931774668076756,708.3338727022311,25.057169186117562,27.850346652925282
634,1,682.2269951175141,708.3338727022311,0.446867067129072,708.7807397693603,26.10687758471704,26.55374465184616
635,1,682.342176656764,708.7807397693603,0.43843634843309187,709.2191761177934,26.438563112596285,26.876999461029413
636,1,683.0094639465008,709.2191761177934,3.9468235755821706,713.1659996933755,26.209712171292608,30.156535746874738
637,2,685.3025489114269,710.7289267139726,3.4309499312994305,714.159876645272,25.42637780254563,28.857327733845068
638,1,685.6708522318585,713.1659996933755,0.9966864026227583,714.1626860959983,27.495147461517035,28.491833864139835
639,2,685.7532210310279,714.159876645272,1.3956531785572472,715.5555298238293,28.406655614244073,29.80230879280134
640,1,686.0703726866044,714.1626860959983,3.0349512737913344,717.1976373697896,28.09231340939391,31.127264683185217
641,2,686.6932033980975,715.5555298238293,3.8941541860001325,719.4496840098294,28.862326425731794,32.756480611731945
642,1,688.7024117401437,717.1976373697896,2.1565595514461315,719.3541969212357,28.495225629645915,30.65178518109201
643,1,690.1812428856703,719.3541969212357,2.3428658947103282,721.6970628159461,29.172954035565454,31.515819930275825
644,2,694.6465596459528,719.4496840098294,0.8013158708108208,720.2509998806403,24.803124363876577,25.604440234687445
645,2,695.0029625345993,720.2509998806403,0.10052563663873566,720.351525517279,25.248037346040974,25.34856298267971
646,2,695.5580951133447,720.351525517279,3.469931188740707,723.8214567060197,24.79343040393428,28.263361592674983
647,1,696.4096935022941,721.6970628159461,2.3172736899771436,724.0143365059232,25.287369313651993,27.60464300362912
648,2,697.423644373771,723.8214567060197,1.424003471057067,725.2454601770768,26.39781233224869,27.821815803305753
649,1,697.8367380549467,724.0143365059232,0.5454474861204364,724.5597839920437,26.17759845097646,26.723045937096913
650,1,699.5466840241606,724.5597839920437,1.1590588921779479,725.7188428842217,25.013099967883022,26.172158860061018
651,2,700.0228097681922,725.2454601770768,0.2277602083212686,725.473220385398,25.222650408884533,25.450410617205762
652,2,700.452251984113,725.473220385398,0.47708599884531566,725.9503063842433,25.020968401285018,25.498054400130286
653,1,702.6774463758328,725.7188428842217,1.4743391609521745,727.1931820451738,23.041396508388857,24.515735669340984
654,2,704.155185070554,725.9503063842433,3.059929632017645,729.0102360162609,21.795121313689265,24.85505094570692
655,1,704.219521920976,727.1931820451738,3.379030392650634,730.5722124378244,22.97366012419775,26.352690516848384
656,2,706.4461655039845,729.0102360162609,0.05896794833157712,729.0692039645925,22.56407051227643,22.623038460607972
657,2,708.1594341978283,729.0692039645925,1.8546648150256093,730.923868779618,20.909769766764157,22.764434581789715
658,1,708.6751515883981,730.5722124378244,1.3340325050689068,731.9062449428933,21.89706084942634,23.231093354495215
659,2,711.6810272905301,730.923868779618,6.568233438566496,737.4921022181845,19.242841489087937,25.81107492765443
660,1,713.1089022832704,731.9062449428933,0.05548997639368503,731.961734919287,18.797342659622927,18.852832636016615
661,1,714.2721307648849,731.961734919287,1.0433152576766223,733.0050501769636,17.689604154402105,18.732919412078672
662,1,715.7129540917298,733.0050501769636,0.32906452885052123,733.334114705814,17.292096085233766,17.62116061408426
663,1,716.0822776716478,733.334114705814,1.4017163906225143,734.7358310964365,17.251837034166215,18.653553424788697
664,1,717.8046776572035,734.7358310964365,0.23830309469510774,734.9741341911316,16.93115343923307,17.169456533928155
665,1,721.1760311757072,734.9741341911316,1.1006219931817467,736.0747561843134,13.79810301542443,14.89872500860622
666,1,724.180010145022,736.0747561843134,7.374039273538035,743.4487954578515,11.894746039291363,19.268785312829436
667,2,724.2188760493938,737.4921022181845,2.978075721643132,740.4701779398276,13.273226168790757,16.251301890433865
668,2,725.1698064529917,740.4701779398276,0.36642315898664457,740.8366010988143,15.300371486835957,15.66679464582262
669,2,725.2809226104433,740.8366010988143,3.122971936891938,743.9595730357063,15.555678488370972,18.67865042526296
670,1,725.5950401973662,743.4487954578515,3.4673181993901547,746.9161136572417,17.853755260485286,21.321073459875493
671,2,725.935689641074,743.9595730357063,4.156507175445132,748.1160802111514,18.02388339463232,22.180390570077407
672,1,728.1262280354036,746.9161136572417,0.3340759595823818,747.2501896168241,18.78988562183804,19.123961581420417
673,1,728.2741261360554,747.2501896168241,1.5292940528514294,748.7794836696755,18.97606348076863,20.5053575336201
674,2,729.5340013012193,748.1160802111514,0.5246278995181043,748.6407081106695,18.58207890993208,19.106706809450202
675,2,730.1862112213539,748.6407081106695,5.9449441281560205,754.5856522388256,18.45449688931558,24.399441017471645
676,1,730.5291668984606,748.7794836696755,4.332641775684819,753.1121254453603,18.250316771214898,22.582958546899704
677,1,731.8949082476744,753.1121254453603,0.3401398128573686,753.4522652582177,21.217217197685954,21.557357010543342
678,1,732.6706488731592,753.4522652582177,0.8979954571965814,754.3502607154143,20.781616385058555,21.6796118422551
679,1,733.3914050657155,754.3502607154143,3.4228652155454635,757.7731259309597,20.958855649698762,24.381720865244233
680,2,735.8419958033093,754.5856522388256,2.023484175730934,756.6091364145565,18.7436564355163,20.767140611247214
681,2,736.1304262871565,756.6091364145565,0.5706706172553284,757.1798070318118,20.47871012739995,21.04938074465531
682,2,738.797151622763,757.1798070318118,3.89085707766498,761.0706641094769,18.38265540904888,22.273512486713912
683,1,740.5146347078171,757.7731259309597,0.3278549712559354,758.1009809022157,17.25849122314264,17.58634619439863
684,1,743.7622070608677,758.1009809022157,0.26867446013248963,758.3696553623482,14.33877384134803,14.607448301480531
685,1,743.9139143499972,758.3696553623482,0.48029688709881063,758.849952249447,14.45574101235104,14.936037899449843
686,1,745.0511368745198,758.849952249447,3.363491699789637,762.2134439492366,13.798815374927244,17.162307074716864
687,2,746.2928612705375,761.0706641094769,6.3232692962803085,767.3939334057571,14.777802838939351,21.101072135219624
688,1,746.7755855136091,762.2134439492366,3.453560004699639,765.6670039539363,15.437858435627504,18.89141844032713
689,1,748.0582499756398,765.6670039539363,1.121804469765219,766.7888084237015,17.608753978296477,18.730558448061743
690,1,748.432575852677,766.7888084237015,0.6223025938508825,767.4111110175525,18.35623257102452,18.97853516487544
691,2,749.2313414046799,767.3939334057571,2.577346062333757,769.9712794680909,18.1625920010772,20.739938063410932
692,1,749.3901846474004,767.4111110175525,0.9136957401310922,768.3248067576835,18.020926370152097,18.934622110283158
693,1,750.0609447482477,768.3248067576835,2.889392854658992,771.2141996123426,18.263862009435798,21.153254864094833
694,2,750.7597427931319,769.9712794680909,2.998012875689525,772.9692923437804,19.211536674959007,22.20954955064849
695,1,751.20596076695,771.2141996123426,0.16688641745677157,771.3810860297993,20.008238845392498,20.175125262849292
696,1,753.7894875442458,771.3810860297993,2.8120853210074452,774.1931713508068,17.591598485553504,20.403683806560934
697,2,757.8001083597438,772.9692923437804,3.6735777974935364,776.6428701412739,15.169183984036522,18.842761781530044
698,1,759.3114214215423,774.1931713508068,0.8213728335018678,775.0145441843086,14.881749929264515,15.703122762766384
699,1,759.8047184286511,775.0145441843086,1.604919337400009,776.6194635217087,15.209825755657562,16.81474509305758
700,1,760.831344398363,776.6194635217087,4.995332230127579,781.6147957518363,15.788119123345723,20.78345135347331
701,2,760.9176730979656,776.6428701412739,1.0854115699162563,777.7282817111901,15.725197043308299,16.81060861322453
702,2,762.7312213481579,777.7282817111901,2.3909876732545228,780.1192693844446,14.997060363032233,17.388048036286705
703,2,763.262496603047,780.1192693844446,5.207938190312733,785.3272075747573,16.85677278139758,22.06471097171027
704,1,763.5905595605957,781.6147957518363,2.1697397728441365,783.7845355246803,18.02423619124056,20.193975964084643
705,1,763.8796539602611,783.7845355246803,3.072859811491819,786.8573953361722,19.90488156441927,22.977741375911137
706,2,764.9221624939918,785.3272075747573,3.800253663587567,789.1274612383448,20.40504508076549,24.20529874435306
707,1,768.3921899220815,786.8573953361722,2.6310441403150153,789.4884394764872,18.465205414090747,21.096249554405745
708,2,768.9887627657157,789.1274612383448,0.6510420559003605,789.7785032942452,20.13869847262913,20.789740528529478
709,1,769.8305429504386,789.4884394764872,0.3560392897597363,789.844478766247,19.657896526048603,20.013935815808395
710,2,770.6048103177767,789.7785032942452,0.5496823647890031,790.3281856590341,19.173692976468487,19.72337534125745
711,1,770.8055943305524,789.844478766247,2.6921138813882903,792.5365926476353,19.038884435694627,21.730998317082936
712,2,770.8838238018865,790.3281856590341,0.35598522360008605,790.6841708826342,19.44436185714767,19.80034708074777
713,2,771.6221825598303,790.6841708826342,0.01762024003550659,790.7017911226698,19.061988322803927,19.07960856283944
714,2,774.7257302822657,790.7017911226698,1.5276325269850313,792.2294236496548,15.976060840404102,17.503693367389133
715,2,775.4617107902102,792.2294236496548,0.5591150480114411,792.7885386976662,16.7677128594446,17.32682790745605
716,1,775.5539783824087,792.5365926476353,0.1852250806240607,792.7218177282593,16.98261426522663,17.167839345850666
717,1,777.101131571274,792.7218177282593,1.4391777141118585,794.1609954423712,15.620686156985357,17.059863871097264
718,2,777.6684119786606,792.7885386976662,2.4338174188747392,795.2223561165409,15.120126719005611,17.553944137880308
719,1,778.1672565150612,794.1609954423712,1.7881751828213122,795.9491706251926,15.993738927310005,17.78191411013131
720,2,778.4102251310507,795.2223561165409,3.1771737736173313,798.3995298901583,16.812130985490285,19.989304759107654
721,1,784.584659028653,795.9491706251926,2.5554145051482977,798.5045851303408,11.3645115965395,13.919926101687793
722,2,784.8763383027666,798.3995298901583,3.1278656467895742,801.5273955369479,13.523191587391693,16.65105723418128
723,1,785.5175041101638,798.5045851303408,0.0024376511124342324,798.5070227814533,12.987081020177015,12.989518671289488
724,1,785.6668968699847,798.5070227814533,1.5585344150513696,800.0655571965046,12.84012591146859,14.398660326519916
725,1,785.822735838975,800.0655571965046,0.4819982266617722,800.5475554231664,14.242821357529692,14.724819584191437
726,1,790.5772242731815,800.5475554231664,1.9417151096675593,802.489270532834,9.970331149984872,11.91204625965247
727,2,790.6141808839701,801.5273955369479,2.8981865800724247,804.4255821170203,10.913214652977786,13.81140123305022
728,1,792.4654478541522,802.489270532834,5.443951478015047,807.933222010849,10.023822678681768,15.467774156696805
729,2,793.2952349575062,804.4255821170203,2.3079383815261965,806.7335204985466,11.130347159514145,13.438285541040386
730,2,793.5033008125145,806.7335204985466,0.3896924070904742,807.123212905637,13.230219686032115,13.619912093122593
731,2,794.1274534466457,807.123212905637,1.8130145378105906,808.9362274434476,12.995759458991301,14.808773996801847
732,1,794.3181075946486,807.933222010849,0.18911661991412018,808.1223386307631,13.615114416200413,13.804231036114516
733,1,796.0124276616962,808.1223386307631,8.975464521110723,817.0978031518739,12.10991096906696,21.08537549017774
734,2,796.2755565966891,808.9362274434476,2.0761973928392736,811.0124248362869,12.660670846758535,14.736868239597811
735,2,797.614238594452,811.0124248362869,5.498590902992065,816.511015739279,13.398186241834878,18.896777144826956
736,2,799.2245212618787,816.511015739279,0.3323637271451391,816.843379466424,17.286494477400197,17.61885820454529
737,2,799.2915690925824,816.843379466424,1.5843614264347214,818.4277408928588,17.55181037384159,19.136171800276315
738,1,801.8729146148361,817.0978031518739,1.14783638949643,818.2456395413703,15.224888537037828,16.37272492653426
739,1,805.4631743231528,818.2456395413703,2.2597772995960046,820.5054168409663,12.782465218217567,15.04224251781352
740,2,806.2663170138936,818.4277408928588,0.3114397606375471,818.7391806534963,12.161423878965138,12.472863639602679
741,2,806.8598951190924,818.7391806534963,2.7239747180805853,821.4631553715769,11.879285534403948,14.603260252484574
742,1,807.7846937519947,820.5054168409663,0.37880950538536784,820.8842263463516,12.720723088971567,13.099532594356901
743,1,808.2724258303788,820.8842263463516,0.33484248773891606,821.2190688340905,12.611800515972845,12.946643003711756
744,1,808.5005235377814,821.2190688340905,0.8331214768104479,822.052190310901,12.718545296309117,13.551666773119564
745,2,808.5549453673309,821.4631553715769,0.06877584895910907,821.5319312205361,12.90821000424603,12.976985853205179
746,2,811.9417051706564,821.5319312205361,0.3177484173039612,821.84967963784,9.590226049879675,9.907974467183635
747,2,812.1315592895469,821.84967963784,3.2288185497812685,825.0784981876213,9.718120348293155,12.94693889807445
748,1,812.1492287929552,822.052190310901,1.1236858733205521,823.1758761842216,9.902961517945755,11.026647391266351
749,1,812.7659838316248,823.1758761842216,1.5530379354869914,824.7289141197085,10.409892352596785,11.962930288083726
750,1,812.7783278436289,824.7289141197085,0.07692604584337356,824.8058401655519,11.950586276079662,12.02751232192304
751,1,813.3121934166799,824.8058401655519,1.2049123213434259,826.0107524868953,11.493646748872038,12.698559070215424
752,2,815.4856410447908,825.0784981876213,1.2269442425806738,826.305442430202,9.592857142830553,10.81980138541121
753,1,817.6157246635102,826.0107524868953,0.7932644733989759,826.8040169602942,8.395027823385135,9.188292296784084
754,2,819.2313497680786,826.305442430202,9.744682200339694,836.0501246305416,7.074092662123348,16.818774862462988
755,1,819.6522073411685,826.8040169602942,2.0722106342365967,828.8762275945309,7.151809619125743,9.224020253362369
756,1,821.5654969693342,828.8762275945309,0.45074617902713443,829.3269737735579,7.3107306251966975,7.761476804223776
757,1,822.5115892218508,829.3269737735579,2.130080665480166,831.4570544390381,6.815384551707098,8.945465217187234
758,1,823.3769787267511,831.4570544390381,0.3821166564947775,831.8391710955328,8.080075712286998,8.462192368781757
759,1,824.3558717786412,831.8391710955328,0.48833140309012407,832.327502498623,7.483299316891589,7.971630719981704
760,1,824.6656299986017,832.327502498623,1.634087077233077,833.961589575856,7.661872500021218,9.29595957725428
761,1,828.9329641876419,833.961589575856,0.6544691263484518,834.6160587022044,5.028625388214095,5.6830945145625265
762,1,829.4169922398518,834.6160587022044,0.07629993254478469,834.6923586347492,5.199066462352675,5.275366394897446
763,1,834.9293505493155,834.9293505493155,2.3927820499137504,837.3221325992292,0.0,2.3927820499137624
764,2,836.63840011327,836.63840011327,0.020366279033915198,836.658766392304,0.0,0.02036627903396493
765,2,836.7280631625233,836.7280631625233,1.1496780621222693,837.8777412246455,0.0,1.1496780621222342
766,1,837.9027466522948,837.9027466522948,3.277129678433625,841.1798763307285,0.0,3.2771296784336528
767,2,838.0154198100022,838.0154198100022,1.409531452369439,839.4249512623717,0.0,1.4095314523694924
768,2,841.5140191185303,841.5140191185303,1.593503128208179,843.1075222467385,0.0,1.5935031282082264
769,1,841.6281862750127,841.6281862750127,0.04869687210078824,841.6768831471135,0.0,0.048696872100777
770,1,841.8599558740503,841.8599558740503,2.066145253817807,843.9261011278682,0.0,2.0661452538178082
771,2,842.0542122445858,843.1075222467385,1.3051071632082942,844.4126294099468,1.0533100021527844,2.358417165361061
772,1,842.8171166688364,843.9261011278682,1.288630072553934,845.2147312004221,1.108984459031717,2.3976145315856456
773,2,843.5147180669107,844.4126294099468,0.7886375397518005,845.2012669496986,0.8979113430360712,1.6865488827878607
774,2,844.6031127425657,845.2012669496986,0.5373694696712102,845.7386364193699,0.5981542071328931,1.135523676804155
775,1,844.6330428474878,845.2147312004221,7.728534388483865,852.9432655889059,0.5816883529342931,8.310222741418102
776,2,844.6807777191535,845.7386364193699,5.327617244711624,851.0662536640815,1.057858700216343,6.385475944927975
777,2,845.4463320899221,851.0662536640815,2.4175045654491956,853.4837582295307,5.619921574159434,8.03742613960867
778,1,846.6282131193417,852.9432655889059,0.920498286799986,853.8637638757059,6.315052469564193,7.235550756364205
779,2,849.3043948417554,853.4837582295307,0.27291716048204395,853.7566753900128,4.179363387775311,4.452280548257363
780,2,849.3910038800188,853.7566753900128,1.8286642149213534,855.5853396049341,4.365671509993945,6.194335724915277
781,1,849.7105640967915,853.8637638757059,4.841305546144098,858.70506942185,4.153199778914427,8.994505325058526
782,2,851.5475995279472,855.5853396049341,0.05117312814134161,855.6365127330755,4.037740076986893,4.088913205128279
783,2,852.7920939480925,855.6365127330755,3.8094291228715855,859.4459418559471,2.844418784982963,6.653847907854583
784,1,853.1419026657117,858.70506942185,1.8755294593699512,860.58059888122,5.563166756138344,7.438696215508344
785,2,853.3931601469886,859.4459418559471,5.525181741603633,864.9711235975508,6.052781708958491,11.577963450562152
786,1,853.8074409794629,860.58059888122,0.408147813898274,860.9887466951183,6.773157901757145,7.181305715655412
787,1,854.7336779654419,860.9887466951183,3.2431104393913075,864.2318571345096,6.255068729676395,9.498179169067726
788,1,855.2515870813418,864.2318571345096,1.8943566973635921,866.1262138318732,8.980270053167828,10.874626750531434
789,2,855.5415748644095,864.9711235975508,5.838933765617243,870.8100573631681,9.429548733141246,15.268482498758544
790,1,855.7850115991291,866.1262138318732,0.29493375991647414,866.4211475917897,10.341202232744081,10.63613599266057
791,1,856.4921020480782,866.4211475917897,6.327992303793147,872.7491398955829,9.929045543711482,16.257037847504648
792,2,856.8034636467951,870.8100573631681,1.268176465945633,872.0782338291137,14.006593716373004,15.274770182318662
793,2,859.5892102831023,872.0782338291137,0.0697897260521833,872.1480235551659,12.489023546011481,12.558813272063617
794,2,861.2136191920783,872.1480235551659,0.5254359331045783,872.6734594882705,10.934404363087538,11.45984029619217
795,2,867.2652121624725,872.6734594882705,0.1845356182736616,872.8579951065442,5.4082473257980155,5.5927829440717005
796,1,868.0564375866852,872.7491398955829,2.438790365842762,875.1879302614257,4.692702308897651,7.131492674740457
797,2,868.0870648634069,872.8579951065442,0.44331880772422405,873.3013139142685,4.770930243137286,5.214249050861554
798,2,870.4449983914185,873.3013139142685,5.594386618875868,878.8957005331443,2.856315522849968,8.450702141725856
799,1,870.4932352353269,875.1879302614257,0.9683774193174535,876.1563076807431,4.6946950260987705,5.663072445416219
800,1,871.9247511812797,876.1563076807431,0.8013659532012625,876.9576736339444,4.231556499463409,5.032922452664707
