time,Think_1,Think_2,Think_3,Think_4,Think_5,Hungry_1,Hungry_2,Hungry_3,Hungry_4,Hungry_5,Eat_1,Eat_2,Eat_3,Eat_4,Eat_5,Fork_1,Fork_2,Fork_3,Fork_4,Fork_5
0.0,1.0,1.0,1.0,1.0,1.0,0.0,0.0,0.0,0.0,0.0,0.0,0.0,0.0,0.0,0.0,1.0,1.0,1.0,1.0,1.0
0.2,0.98,0.98,0.98,0.98,0.98,0.02,0.02,0.02,0.02,0.02,0.0,0.0,0.0,0.0,0.0,0.98,0.98,0.98,0.98,0.98
0.4,0.98,0.98,0.98,0.98,0.98,0.02,0.02,0.02,0.02,0.02,0.0,0.0,0.0,0.0,0.0,0.98,0.98,0.98,0.98,0.98
0.6,0.98,0.98,0.98,0.98,0.98,0.02,0.02,0.02,0.02,0.02,0.0,0.0,0.0,0.0,0.0,0.98,0.98,0.98,0.98,0.98
0.8,0.98,0.98,0.98,0.98,0.98,0.02,0.02,0.02,0.02,0.02,0.0,0.0,0.0,0.0,0.0,0.98,0.98,0.98,0.98,0.98
1.0,0.98,0.98,0.98,0.98,0.98,0.02,0.02,0.02,0.02,0.02,0.0,0.0,0.0,0.0,0.0,0.98,0.98,0.98,0.98,0.98
1.2,0.98,0.98,0.98,0.98,0.98,0.02,0.02,0.02,0.02,0.02,0.0,0.0,0.0,0.0,0.0,0.98,0.98,0.98,0.98,0.98
1.4,0.98,0.98,0.98,0.98,0.98,0.02,0.02,0.02,0.02,0.02,0.0,0.0,0.0,0.0,0.0,0.98,0.98,0.98,0.98,0.98
1.6,0.98,0.98,0.98,0.98,0.98,0.02,0.02,0.02,0.02,0.02,0.0,0.0,0.0,0.0,0.0,0.98,0.98,0.98,0.98,0.98
1.8,0.98,0.98,0.98,0.98,0.98,0.02,0.02,0.02,0.02,0.02,0.0,0.0,0.0,0.0,0.0,0.98,0.98,0.98,0.98,0.98
2.0,0.98,0.98,0.98,0.98,0.98,0.02,0.02,0.02,0.02,0.02,0.0,0.0,0.0,0.0,0.0,0.98,0.98,0.98,0.98,0.98
2.2,0.98,0.98,0.98,0.98,0.98,0.02,0.02,0.02,0.02,0.02,0.0,0.0,0.0,0.0,0.0,0.98,0.98,0.98,0.98,0.98
2.4,0.98,0.98,0.98,0.98,0.98,0.02,0.02,0.02,0.02,0.02,0.0,0.0,0.0,0.0,0.0,0.98,0.98,0.98,0.98,0.98
2.6,0.98,0.98,0.98,0.98,0.98,0.02,0.02,0.02,0.02,0.02,0.0,0.0,0.0,0.0,0.0,0.98,0.98,0.98,0.98,0.98
2.8,0.98,0.98,0.98,0.98,0.98,0.02,0.02,0.02,0.02,0.02,0.0,0.0,0.0,0.0,0.0,0.98,0.98,0.98,0.98,0.98
3.0,0.98,0.98,0.98,0.98,0.98,0.02,0.02,0.02,0.02,0.02,0.0,0.0,0.0,0.0,0.0,0.98,0.98,0.98,0.98,0.98
3.2,0.98,0.98,0.98,0.98,0.98,0.02,0.02,0.02,0.02,0.02,0.0,0.0,0.0,0.0,0.0,0.98,0.98,0.98,0.98,0.98
3.4,0.98,0.98,0.98,0.98,0.98,0.02,0.02,0.02,0.02,0.02,0.0,0.0,0.0,0.0,0.0,0.98,0.98,0.98,0.98,0.98
3.6,0.98,0.98,0.98,0.98,0.98,0.02,0.02,0.02,0.02,0.02,0.0,0.0,0.0,0.0,0.0,0.98,0.98,0.98,0.98,0.98
3.8,0.98,0.98,0.98,0.98,0.98,0.02,0.02,0.02,0.02,0.02,0.0,0.0,0.0,0.0,0.0,0.98,0.98,0.98,0.98,0.98
4.0,0.98,0.98,0.98,0.98,0.98,0.02,0.02,0.02,0.02,0.02,0.0,0.0,0.0,0.0,0.0,0.98,0.98,0.98,0.98,0.98
4.2,0.98,0.98,0.98,0.98,0.98,0.02,0.02,0.02,0.02,0.02,0.0,0.0,0.0,0.0,0.0,0.98,0.98,0.98,0.98,0.98
4.4,0.98,0.98,0.98,0.98,0.98,0.02,0.02,0.02,0.02,0.02,0.0,0.0,0.0,0.0,0.0,0.98,0.98,0.98,0.98,0.98
4.6,0.98,0.98,0.98,0.98,0.98,0.02,0.02,0.02,0.02,0.02,0.0,0.0,0.0,0.0,0.0,0.98,0.98,0.98,0.98,0.98
4.8,0.98,0.98,0.98,0.98,0.98,0.02,0.02,0.02,0.02,0.02,0.0,0.0,0.0,0.0,0.0,0.98,0.98,0.98,0.98,0.98
5.0,0.98,0.98,0.98,0.98,0.98,0.02,0.02,0.02,0.02,0.02,0.0,0.0,0.0,0.0,0.0,0.98,0.98,0.98,0.98,0.98
5.2,0.98,0.98,0.98,0.98,0.98,0.02,0.02,0.02,0.02,0.02,0.0,0.0,0.0,0.0,0.0,0.98,0.98,0.98,0.98,0.98
5.4,0.98,0.98,0.98,0.98,0.98,0.02,0.02,0.02,0.02,0.02,0.0,0.0,0.0,0.0,0.0,0.98,0.98,0.98,0.98,0.98
5.6,0.98,0.98,0.98,0.98,0.98,0.02,0.02,0.02,0.02,0.02,0.0,0.0,0.0,0.0,0.0,0.98,0.98,0.98,0.98,0.98
5.8,0.98,0.98,0.98,0.98,0.98,0.02,0.02,0.02,0.02,0.02,0.0,0.0,0.0,0.0,0.0,0.98,0.98,0.98,0.98,0.98
6.0,0.98,0.98,0.98,0.98,0.98,0.02,0.02,0.02,0.02,0.02,0.0,0.0,0.0,0.0,0.0,0.98,0.98,0.98,0.98,0.98
6.2,0.98,0.98,0.98,0.98,0.98,0.02,0.02,0.02,0.02,0.02,0.0,0.0,0.0,0.0,0.0,0.98,0.98,0.98,0.98,0.98
6.4,0.98,0.98,0.98,0.98,0.98,0.02,0.02,0.02,0.02,0.02,0.0,0.0,0.0,0.0,0.0,0.98,0.98,0.98,0.98,0.98
6.6,0.98,0.98,0.98,0.98,0.98,0.02,0.02,0.02,0.02,0.02,0.0,0.0,0.0,0.0,0.0,0.98,0.98,0.98,0.98,0.98
6.8,0.98,0.98,0.98,0.98,0.98,0.02,0.02,0.02,0.02,0.02,0.0,0.0,0.0,0.0,0.0,0.98,0.98,0.98,0.98,0.98
7.0,0.98,0.98,0.98,0.98,0.98,0.02,0.02,0.02,0.02,0.02,0.0,0.0,0.0,0.0,0.0,0.98,0.98,0.98,0.98,0.98
7.2,0.98,0.98,0.98,0.98,0.98,0.02,0.02,0.02,0.02,0.02,0.0,0.0,0.0,0.0,0.0,0.98,0.98,0.98,0.98,0.98
7.4,0.98,0.98,0.98,0.98,0.98,0.02,0.02,0.02,0.02,0.02,0.0,0.0,0.0,0.0,0.0,0.98,0.98,0.98,0.98,0.98
7.6,0.98,0.98,0.98,0.98,0.98,0.02,0.02,0.02,0.02,0.02,0.0,0.0,0.0,0.0,0.0,0.98,0.98,0.98,0.98,0.98
7.8,0.98,0.98,0.98,0.98,0.98,0.02,0.02,0.02,0.02,0.02,0.0,0.0,0.0,0.0,0.0,0.98,0.98,0.98,0.98,0.98
8.0,0.98,0.98,0.98,0.98,0.98,0.02,0.02,0.02,0.02,0.02,0.0,0.0,0.0,0.0,0.0,0.98,0.98,0.98,0.98,0.98
8.2,0.98,0.98,0.98,0.98,0.98,0.02,0.02,0.02,0.02,0.02,0.0,0.0,0.0,0.0,0.0,0.98,0.98,0.98,0.98,0.98
8.4,0.98,0.98,0.98,0.98,0.98,0.02,0.02,0.02,0.02,0.02,0.0,0.0,0.0,0.0,0.0,0.98,0.98,0.98,0.98,0.98
8.6,0.98,0.98,0.98,0.98,0.98,0.02,0.02,0.02,0.02,0.02,0.0,0.0,0.0,0.0,0.0,0.98,0.98,0.98,0.98,0.98
8.8,0.98,0.98,0.98,0.98,0.98,0.02,0.02,0.02,0.02,0.02,0.0,0.0,0.0,0.0,0.0,0.98,0.98,0.98,0.98,0.98
9.0,0.98,0.98,0.98,0.98,0.98,0.02,0.02,0.02,0.02,0.02,0.0,0.0,0.0,0.0,0.0,0.98,0.98,0.98,0.98,0.98
9.2,0.98,0.98,0.98,0.98,0.98,0.02,0.02,0.02,0.02,0.02,0.0,0.0,0.0,0.0,0.0,0.98,0.98,0.98,0.98,0.98
9.4,0.98,0.98,0.98,0.98,0.98,0.02,0.02,0.02,0.02,0.02,0.0,0.0,0.0,0.0,0.0,0.98,0.98,0.98,0.98,0.98
9.6,0.98,0.98,0.98,0.98,0.98,0.02,0.02,0.02,0.02,0.02,0.0,0.0,0.0,0.0,0.0,0.98,0.98,0.98,0.98,0.98
9.8,0.98,0.98,0.98,0.98,0.98,0.02,0.02,0.02,0.02,0.02,0.0,0.0,0.0,0.0,0.0,0.98,0.98,0.98,0.98,0.98
10.0,0.98,0.98,0.98,0.98,0.98,0.02,0.02,0.02,0.02,0.02,0.0,0.0,0.0,0.0,0.0,0.98,0.98,0.98,0.98,0.98
10.2,0.98,0.98,0.98,0.98,0.98,0.02,0.02,0.02,0.02,0.02,0.0,0.0,0.0,0.0,0.0,0.98,0.98,0.98,0.98,0.98
10.4,0.98,0.98,0.98,0.98,0.98,0.02,0.02,0.02,0.02,0.02,0.0,0.0,0.0,0.0,0.0,0.98,0.98,0.98,0.98,0.98
10.6,0.98,0.98,0.98,0.98,0.98,0.02,0.02,0.02,0.02,0.02,0.0,0.0,0.0,0.0,0.0,0.98,0.98,0.98,0.98,0.98
10.8,0.98,0.98,0.98,0.98,0.98,0.02,0.02,0.02,0.02,0.02,0.0,0.0,0.0,0.0,0.0,0.98,0.98,0.98,0.98,0.98
11.0,0.98,0.98,0.98,0.98,0.98,0.02,0.02,0.02,0.02,0.02,0.0,0.0,0.0,0.0,0.0,0.98,0.98,0.98,0.98,0.98
11.2,0.98,0.98,0.98,0.98,0.98,0.02,0.02,0.02,0.02,0.02,0.0,0.0,0.0,0.0,0.0,0.98,0.98,0.98,0.98,0.98
11.4,0.98,0.98,0.98,0.98,0.98,0.02,0.02,0.02,0.02,0.02,0.0,0.0,0.0,0.0,0.0,0.98,0.98,0.98,0.98,0.98
11.6,0.98,0.98,0.98,0.98,0.98,0.02,0.02,0.02,0.02,0.02,0.0,0.0,0.0,0.0,0.0,0.98,0.98,0.98,0.98,0.98
11.8,0.98,0.98,0.98,0.98,0.98,0.02,0.02,0.02,0.02,0.02,0.0,0.0,0.0,0.0,0.0,0.98,0.98,0.98,0.98,0.98
12.0,0.98,0.98,0.98,0.98,0.98,0.02,0.02,0.02,0.02,0.02,0.0,0.0,0.0,0.0,0.0,0.98,0.98,0.98,0.98,0.98
12.2,0.98,0.98,0.98,0.98,0.98,0.02,0.02,0.02,0.02,0.02,0.0,0.0,0.0,0.0,0.0,0.98,0.98,0.98,0.98,0.98
12.4,0.98,0.98,0.98,0.98,0.98,0.02,0.02,0.02,0.02,0.02,0.0,0.0,0.0,0.0,0.0,0.98,0.98,0.98,0.98,0.98
12.6,0.98,0.98,0.98,0.98,0.98,0.02,0.02,0.02,0.02,0.02,0.0,0.0,0.0,0.0,0.0,0.98,0.98,0.98,0.98,0.98
12.8,0.98,0.98,0.98,0.98,0.98,0.02,0.02,0.02,0.02,0.02,0.0,0.0,0.0,0.0,0.0,0.98,0.98,0.98,0.98,0.98
13.0,0.98,0.98,0.98,0.98,0.98,0.02,0.02,0.02,0.02,0.02,0.0,0.0,0.0,0.0,0.0,0.98,0.98,0.98,0.98,0.98
13.2,0.98,0.98,0.98,0.98,0.98,0.02,0.02,0.02,0.02,0.02,0.0,0.0,0.0,0.0,0.0,0.98,0.98,0.98,0.98,0.98
13.4,0.98,0.98,0.98,0.98,0.98,0.02,0.02,0.02,0.02,0.02,0.0,0.0,0.0,0.0,0.0,0.98,0.98,0.98,0.98,0.98
13.6,0.98,0.98,0.98,0.98,0.98,0.02,0.02,0.02,0.02,0.02,0.0,0.0,0.0,0.0,0.0,0.98,0.98,0.98,0.98,0.98
13.8,0.98,0.98,0.98,0.98,0.98,0.02,0.02,0.02,0.02,0.02,0.0,0.0,0.0,0.0,0.0,0.98,0.98,0.98,0.98,0.98
14.0,0.98,0.98,0.98,0.98,0.98,0.02,0.02,0.02,0.02,0.02,0.0,0.0,0.0,0.0,0.0,0.98,0.98,0.98,0.98,0.98
14.2,0.98,0.98,0.98,0.98,0.98,0.02,0.02,0.02,0.02,0.02,0.0,0.0,0.0,0.0,0.0,0.98,0.98,0.98,0.98,0.98
14.4,0.98,0.98,0.98,0.98,0.98,0.02,0.02,0.02,0.02,0.02,0.0,0.0,0.0,0.0,0.0,0.98,0.98,0.98,0.98,0.98
14.6,0.98,0.98,0.98,0.98,0.98,0.02,0.02,0.02,0.02,0.02,0.0,0.0,0.0,0.0,0.0,0.98,0.98,0.98,0.98,0.98
14.8,0.98,0.98,0.98,0.98,0.98,0.02,0.02,0.02,0.02,0.02,0.0,0.0,0.0,0.0,0.0,0.98,0.98,0.98,0.98,0.98
15.0,0.98,0.98,0.98,0.98,0.98,0.02,0.02,0.02,0.02,0.02,0.0,0.0,0.0,0.0,0.0,0.98,0.98,0.98,0.98,0.98
15.2,0.98,0.98,0.98,0.98,0.98,0.02,0.02,0.02,0.02,0.02,0.0,0.0,0.0,0.0,0.0,0.98,0.98,0.98,0.98,0.98
15.4,0.98,0.98,0.98,0.98,0.98,0.02,0.02,0.02,0.02,0.02,0.0,0.0,0.0,0.0,0.0,0.98,0.98,0.98,0.98,0.98
15.6,0.98,0.98,0.98,0.98,0.98,0.02,0.02,0.02,0.02,0.02,0.0,0.0,0.0,0.0,0.0,0.98,0.98,0.98,0.98,0.98
15.8,0.98,0.98,0.98,0.98,0.98,0.02,0.02,0.02,0.02,0.02,0.0,0.0,0.0,0.0,0.0,0.98,0.98,0.98,0.98,0.98
16.0,0.98,0.98,0.98,0.98,0.98,0.02,0.02,0.02,0.02,0.02,0.0,0.0,0.0,0.0,0.0,0.98,0.98,0.98,0.98,0.98
16.2,0.98,0.98,0.98,0.98,0.98,0.02,0.02,0.02,0.02,0.02,0.0,0.0,0.0,0.0,0.0,0.98,0.98,0.98,0.98,0.98
16.4,0.98,0.98,0.98,0.98,0.98,0.02,0.02,0.02,0.02,0.02,0.0,0.0,0.0,0.0,0.0,0.98,0.98,0.98,0.98,0.98
16.6,0.98,0.98,0.98,0.98,0.98,0.02,0.02,0.02,0.02,0.02,0.0,0.0,0.0,0.0,0.0,0.98,0.98,0.98,0.98,0.98
16.8,0.98,0.98,0.98,0.98,0.98,0.02,0.02,0.02,0.02,0.02,0.0,0.0,0.0,0.0,0.0,0.98,0.98,0.98,0.98,0.98
17.0,0.98,0.98,0.98,0.98,0.98,0.02,0.02,0.02,0.02,0.02,0.0,0.0,0.0,0.0,0.0,0.98,0.98,0.98,0.98,0.98
17.2,0.98,0.98,0.98,0.98,0.98,0.02,0.02,0.02,0.02,0.02,0.0,0.0,0.0,0.0,0.0,0.98,0.98,0.98,0.98,0.98
17.4,0.98,0.98,0.98,0.98,0.98,0.02,0.02,0.02,0.02,0.02,0.0,0.0,0.0,0.0,0.0,0.98,0.98,0.98,0.98,0.98
17.6,0.98,0.98,0.98,0.98,0.98,0.02,0.02,0.02,0.02,0.02,0.0,0.0,0.0,0.0,0.0,0.98,0.98,0.98,0.98,0.98
17.8,0.98,0.98,0.98,0.98,0.98,0.02,0.02,0.02,0.02,0.02,0.0,0.0,0.0,0.0,0.0,0.98,0.98,0.98,0.98,0.98
18.0,0.98,0.98,0.98,0.98,0.98,0.02,0.02,0.02,0.02,0.02,0.0,0.0,0.0,0.0,0.0,0.98,0.98,0.98,0.98,0.98
18.2,0.98,0.98,0.98,0.98,0.98,0.02,0.02,0.02,0.02,0.02,0.0,0.0,0.0,0.0,0.0,0.98,0.98,0.98,0.98,0.98
18.4,0.98,0.98,0.98,0.98,0.98,0.02,0.02,0.02,0.02,0.02,0.0,0.0,0.0,0.0,0.0,0.98,0.98,0.98,0.98,0.98
18.6,0.98,0.98,0.98,0.98,0.98,0.02,0.02,0.02,0.02,0.02,0.0,0.0,0.0,0.0,0.0,0.98,0.98,0.98,0.98,0.98
18.8,0.98,0.98,0.98,0.98,0.98,0.02,0.02,0.02,0.02,0.02,0.0,0.0,0.0,0.0,0.0,0.98,0.98,0.98,0.98,0.98
19.0,0.98,0.98,0.98,0.98,0.98,0.02,0.02,0.02,0.02,0.02,0.0,0.0,0.0,0.0,0.0,0.98,0.98,0.98,0.98,0.98
19.2,0.98,0.98,0.98,0.98,0.98,0.02,0.02,0.02,0.02,0.02,0.0,0.0,0.0,0.0,0.0,0.98,0.98,0.98,0.98,0.98
19.4,0.98,0.98,0.98,0.98,0.98,0.02,0.02,0.02,0.02,0.02,0.0,0.0,0.0,0.0,0.0,0.98,0.98,0.98,0.98,0.98
19.6,0.98,0.98,0.98,0.98,0.98,0.02,0.02,0.02,0.02,0.02,0.0,0.0,0.0,0.0,0.0,0.98,0.98,0.98,0.98,0.98
19.8,0.98,0.98,0.98,0.98,0.98,0.02,0.02,0.02,0.02,0.02,0.0,0.0,0.0,0.0,0.0,0.98,0.98,0.98,0.98,0.98
20.0,0.98,0.98,0.98,0.98,0.98,0.02,0.02,0.02,0.02,0.02,0.0,0.0,0.0,0.0,0.0,0.98,0.98,0.98,0.98,0.98
20.2,0.98,0.98,0.98,0.98,0.98,0.02,0.02,0.02,0.02,0.02,0.0,0.0,0.0,0.0,0.0,0.98,0.98,0.98,0.98,0.98
20.4,0.98,0.98,0.98,0.98,0.98,0.02,0.02,0.02,0.02,0.02,0.0,0.0,0.0,0.0,0.0,0.98,0.98,0.98,0.98,0.98
20.6,0.98,0.98,0.98,0.98,0.98,0.02,0.02,0.02,0.02,0.02,0.0,0.0,0.0,0.0,0.0,0.98,0.98,0.98,0.98,0.98
20.8,0.98,0.98,0.98,0.98,0.98,0.02,0.02,0.02,0.02,0.02,0.0,0.0,0.0,0.0,0.0,0.98,0.98,0.98,0.98,0.98
21.0,0.98,0.98,0.98,0.98,0.98,0.02,0.02,0.02,0.02,0.02,0.0,0.0,0.0,0.0,0.0,0.98,0.98,0.98,0.98,0.98
21.2,0.98,0.98,0.98,0.98,0.98,0.02,0.02,0.02,0.02,0.02,0.0,0.0,0.0,0.0,0.0,0.98,0.98,0.98,0.98,0.98
21.4,0.98,0.98,0.98,0.98,0.98,0.02,0.02,0.02,0.02,0.02,0.0,0.0,0.0,0.0,0.0,0.98,0.98,0.98,0.98,0.98
21.6,0.98,0.98,0.98,0.98,0.98,0.02,0.02,0.02,0.02,0.02,0.0,0.0,0.0,0.0,0.0,0.98,0.98,0.98,0.98,0.98
21.8,0.98,0.98,0.98,0.98,0.98,0.02,0.02,0.02,0.02,0.02,0.0,0.0,0.0,0.0,0.0,0.98,0.98,0.98,0.98,0.98
22.0,0.98,0.98,0.98,0.98,0.98,0.02,0.02,0.02,0.02,0.02,0.0,0.0,0.0,0.0,0.0,0.98,0.98,0.98,0.98,0.98
22.2,0.98,0.98,0.98,0.98,0.98,0.02,0.02,0.02,0.02,0.02,0.0,0.0,0.0,0.0,0.0,0.98,0.98,0.98,0.98,0.98
22.4,0.98,0.98,0.98,0.98,0.98,0.02,0.02,0.02,0.02,0.02,0.0,0.0,0.0,0.0,0.0,0.98,0.98,0.98,0.98,0.98
22.6,0.98,0.98,0.98,0.98,0.98,0.02,0.02,0.02,0.02,0.02,0.0,0.0,0.0,0.0,0.0,0.98,0.98,0.98,0.98,0.98
22.8,0.98,0.98,0.98,0.98,0.98,0.02,0.02,0.02,0.02,0.02,0.0,0.0,0.0,0.0,0.0,0.98,0.98,0.98,0.98,0.98
23.0,0.98,0.98,0.98,0.98,0.98,0.02,0.02,0.02,0.02,0.02,0.0,0.0,0.0,0.0,0.0,0.98,0.98,0.98,0.98,0.98
23.2,0.98,0.98,0.98,0.98,0.98,0.02,0.02,0.02,0.02,0.02,0.0,0.0,0.0,0.0,0.0,0.98,0.98,0.98,0.98,0.98
23.4,0.98,0.98,0.98,0.98,0.98,0.02,0.02,0.02,0.02,0.02,0.0,0.0,0.0,0.0,0.0,0.98,0.98,0.98,0.98,0.98
23.6,0.98,0.98,0.98,0.98,0.98,0.02,0.02,0.02,0.02,0.02,0.0,0.0,0.0,0.0,0.0,0.98,0.98,0.98,0.98,0.98
23.8,0.98,0.98,0.98,0.98,0.98,0.02,0.02,0.02,0.02,0.02,0.0,0.0,0.0,0.0,0.0,0.98,0.98,0.98,0.98,0.98
24.0,0.98,0.98,0.98,0.98,0.98,0.02,0.02,0.02,0.02,0.02,0.0,0.0,0.0,0.0,0.0,0.98,0.98,0.98,0.98,0.98
24.2,0.98,0.98,0.98,0.98,0.98,0.02,0.02,0.02,0.02,0.02,0.0,0.0,0.0,0.0,0.0,0.98,0.98,0.98,0.98,0.98
24.4,0.98,0.98,0.98,0.98,0.98,0.02,0.02,0.02,0.02,0.02,0.0,0.0,0.0,0.0,0.0,0.98,0.98,0.98,0.98,0.98
24.6,0.98,0.98,0.98,0.98,0.98,0.02,0.02,0.02,0.02,0.02,0.0,0.0,0.0,0.0,0.0,0.98,0.98,0.98,0.98,0.98
24.8,0.98,0.98,0.98,0.98,0.98,0.02,0.02,0.02,0.02,0.02,0.0,0.0,0.0,0.0,0.0,0.98,0.98,0.98,0.98,0.98
25.0,0.98,0.98,0.98,0.98,0.98,0.02,0.02,0.02,0.02,0.02,0.0,0.0,0.0,0.0,0.0,0.98,0.98,0.98,0.98,0.98
25.2,0.98,0.98,0.98,0.98,0.98,0.02,0.02,0.02,0.02,0.02,0.0,0.0,0.0,0.0,0.0,0.98,0.98,0.98,0.98,0.98
25.4,0.98,0.98,0.98,0.98,0.98,0.02,0.02,0.02,0.02,0.02,0.0,0.0,0.0,0.0,0.0,0.98,0.98,0.98,0.98,0.98
25.6,0.98,0.98,0.98,0.98,0.98,0.02,0.02,0.02,0.02,0.02,0.0,0.0,0.0,0.0,0.0,0.98,0.98,0.98,0.98,0.98
25.8,0.98,0.98,0.98,0.98,0.98,0.02,0.02,0.02,0.02,0.02,0.0,0.0,0.0,0.0,0.0,0.98,0.98,0.98,0.98,0.98
26.0,0.98,0.98,0.98,0.98,0.98,0.02,0.02,0.02,0.02,0.02,0.0,0.0,0.0,0.0,0.0,0.98,0.98,0.98,0.98,0.98
26.2,0.98,0.98,0.98,0.98,0.98,0.02,0.02,0.02,0.02,0.02,0.0,0.0,0.0,0.0,0.0,0.98,0.98,0.98,0.98,0.98
26.4,0.98,0.98,0.98,0.98,0.98,0.02,0.02,0.02,0.02,0.02,0.0,0.0,0.0,0.0,0.0,0.98,0.98,0.98,0.98,0.98
26.6,0.98,0.98,0.98,0.98,0.98,0.02,0.02,0.02,0.02,0.02,0.0,0.0,0.0,0.0,0.0,0.98,0.98,0.98,0.98,0.98
26.8,0.98,0.98,0.98,0.98,0.98,0.02,0.02,0.02,0.02,0.02,0.0,0.0,0.0,0.0,0.0,0.98,0.98,0.98,0.98,0.98
27.0,0.98,0.98,0.98,0.98,0.98,0.02,0.02,0.02,0.02,0.02,0.0,0.0,0.0,0.0,0.0,0.98,0.98,0.98,0.98,0.98
27.2,0.98,0.98,0.98,0.98,0.98,0.02,0.02,0.02,0.02,0.02,0.0,0.0,0.0,0.0,0.0,0.98,0.98,0.98,0.98,0.98
27.4,0.98,0.98,0.98,0.98,0.98,0.02,0.02,0.02,0.02,0.02,0.0,0.0,0.0,0.0,0.0,0.98,0.98,0.98,0.98,0.98
27.6,0.98,0.98,0.98,0.98,0.98,0.02,0.02,0.02,0.02,0.02,0.0,0.0,0.0,0.0,0.0,0.98,0.98,0.98,0.98,0.98
27.8,0.98,0.98,0.98,0.98,0.98,0.02,0.02,0.02,0.02,0.02,0.0,0.0,0.0,0.0,0.0,0.98,0.98,0.98,0.98,0.98
28.0,0.98,0.98,0.98,0.98,0.98,0.02,0.02,0.02,0.02,0.02,0.0,0.0,0.0,0.0,0.0,0.98,0.98,0.98,0.98,0.98
28.2,0.98,0.98,0.98,0.98,0.98,0.02,0.02,0.02,0.02,0.02,0.0,0.0,0.0,0.0,0.0,0.98,0.98,0.98,0.98,0.98
28.4,0.98,0.98,0.98,0.98,0.98,0.02,0.02,0.02,0.02,0.02,0.0,0.0,0.0,0.0,0.0,0.98,0.98,0.98,0.98,0.98
28.6,0.98,0.98,0.98,0.98,0.98,0.02,0.02,0.02,0.02,0.02,0.0,0.0,0.0,0.0,0.0,0.98,0.98,0.98,0.98,0.98
28.8,0.98,0.98,0.98,0.98,0.98,0.02,0.02,0.02,0.02,0.02,0.0,0.0,0.0,0.0,0.0,0.98,0.98,0.98,0.98,0.98
29.0,0.98,0.98,0.98,0.98,0.98,0.02,0.02,0.02,0.02,0.02,0.0,0.0,0.0,0.0,0.0,0.98,0.98,0.98,0.98,0.98
29.2,0.98,0.98,0.98,0.98,0.98,0.02,0.02,0.02,0.02,0.02,0.0,0.0,0.0,0.0,0.0,0.98,0.98,0.98,0.98,0.98
29.4,0.98,0.98,0.98,0.98,0.98,0.02,0.02,0.02,0.02,0.02,0.0,0.0,0.0,0.0,0.0,0.98,0.98,0.98,0.98,0.98
29.6,0.98,0.98,0.98,0.98,0.98,0.02,0.02,0.02,0.02,0.02,0.0,0.0,0.0,0.0,0.0,0.98,0.98,0.98,0.98,0.98
29.8,0.98,0.98,0.98,0.98,0.98,0.02,0.02,0.02,0.02,0.02,0.0,0.0,0.0,0.0,0.0,0.98,0.98,0.98,0.98,0.98
30.0,0.98,0.98,0.98,0.98,0.98,0.02,0.02,0.02,0.02,0.02,0.0,0.0,0.0,0.0,0.0,0.98,0.98,0.98,0.98,0.98
30.2,0.98,0.98,0.98,0.98,0.98,0.02,0.02,0.02,0.02,0.02,0.0,0.0,0.0,0.0,0.0,0.98,0.98,0.98,0.98,0.98
30.4,0.98,0.98,0.98,0.98,0.98,0.02,0.02,0.02,0.02,0.02,0.0,0.0,0.0,0.0,0.0,0.98,0.98,0.98,0.98,0.98
30.6,0.98,0.98,0.98,0.98,0.98,0.02,0.02,0.02,0.02,0.02,0.0,0.0,0.0,0.0,0.0,0.98,0.98,0.98,0.98,0.98
30.8,0.98,0.98,0.98,0.98,0.98,0.02,0.02,0.02,0.02,0.02,0.0,0.0,0.0,0.0,0.0,0.98,0.98,0.98,0.98,0.98
31.0,0.98,0.98,0.98,0.98,0.98,0.02,0.02,0.02,0.02,0.02,0.0,0.0,0.0,0.0,0.0,0.98,0.98,0.98,0.98,0.98
31.2,0.98,0.98,0.98,0.98,0.98,0.02,0.02,0.02,0.02,0.02,0.0,0.0,0.0,0.0,0.0,0.98,0.98,0.98,0.98,0.98
31.4,0.98,0.98,0.98,0.98,0.98,0.02,0.02,0.02,0.02,0.02,0.0,0.0,0.0,0.0,0.0,0.98,0.98,0.98,0.98,0.98
31.6,0.98,0.98,0.98,0.98,0.98,0.02,0.02,0.02,0.02,0.02,0.0,0.0,0.0,0.0,0.0,0.98,0.98,0.98,0.98,0.98
31.8,0.98,0.98,0.98,0.98,0.98,0.02,0.02,0.02,0.02,0.02,0.0,0.0,0.0,0.0,0.0,0.98,0.98,0.98,0.98,0.98
32.0,0.98,0.98,0.98,0.98,0.98,0.02,0.02,0.02,0.02,0.02,0.0,0.0,0.0,0.0,0.0,0.98,0.98,0.98,0.98,0.98
32.2,0.98,0.98,0.98,0.98,0.98,0.02,0.02,0.02,0.02,0.02,0.0,0.0,0.0,0.0,0.0,0.98,0.98,0.98,0.98,0.98
32.4,0.98,0.98,0.98,0.98,0.98,0.02,0.02,0.02,0.02,0.02,0.0,0.0,0.0,0.0,0.0,0.98,0.98,0.98,0.98,0.98
32.6,0.98,0.98,0.98,0.98,0.98,0.02,0.02,0.02,0.02,0.02,0.0,0.0,0.0,0.0,0.0,0.98,0.98,0.98,0.98,0.98
32.8,0.98,0.98,0.98,0.98,0.98,0.02,0.02,0.02,0.02,0.02,0.0,0.0,0.0,0.0,0.0,0.98,0.98,0.98,0.98,0.98
33.0,0.98,0.98,0.98,0.98,0.98,0.02,0.02,0.02,0.02,0.02,0.0,0.0,0.0,0.0,0.0,0.98,0.98,0.98,0.98,0.98
33.2,0.98,0.98,0.98,0.98,0.98,0.02,0.02,0.02,0.02,0.02,0.0,0.0,0.0,0.0,0.0,0.98,0.98,0.98,0.98,0.98
33.4,0.98,0.98,0.98,0.98,0.98,0.02,0.02,0.02,0.02,0.02,0.0,0.0,0.0,0.0,0.0,0.98,0.98,0.98,0.98,0.98
33.6,0.98,0.98,0.98,0.98,0.98,0.02,0.02,0.02,0.02,0.02,0.0,0.0,0.0,0.0,0.0,0.98,0.98,0.98,0.98,0.98
33.8,0.98,0.98,0.98,0.98,0.98,0.02,0.02,0.02,0.02,0.02,0.0,0.0,0.0,0.0,0.0,0.98,0.98,0.98,0.98,0.98
34.0,0.98,0.98,0.98,0.98,0.98,0.02,0.02,0.02,0.02,0.02,0.0,0.0,0.0,0.0,0.0,0.98,0.98,0.98,0.98,0.98
34.2,0.98,0.98,0.98,0.98,0.98,0.02,0.02,0.02,0.02,0.02,0.0,0.0,0.0,0.0,0.0,0.98,0.98,0.98,0.98,0.98
34.4,0.98,0.98,0.98,0.98,0.98,0.02,0.02,0.02,0.02,0.02,0.0,0.0,0.0,0.0,0.0,0.98,0.98,0.98,0.98,0.98
34.6,0.98,0.98,0.98,0.98,0.98,0.02,0.02,0.02,0.02,0.02,0.0,0.0,0.0,0.0,0.0,0.98,0.98,0.98,0.98,0.98
34.8,0.98,0.98,0.98,0.98,0.98,0.02,0.02,0.02,0.02,0.02,0.0,0.0,0.0,0.0,0.0,0.98,0.98,0.98,0.98,0.98
35.0,0.98,0.98,0.98,0.98,0.98,0.02,0.02,0.02,0.02,0.02,0.0,0.0,0.0,0.0,0.0,0.98,0.98,0.98,0.98,0.98
35.2,0.98,0.98,0.98,0.98,0.98,0.02,0.02,0.02,0.02,0.02,0.0,0.0,0.0,0.0,0.0,0.98,0.98,0.98,0.98,0.98
35.4,0.98,0.98,0.98,0.98,0.98,0.02,0.02,0.02,0.02,0.02,0.0,0.0,0.0,0.0,0.0,0.98,0.98,0.98,0.98,0.98
35.6,0.98,0.98,0.98,0.98,0.98,0.02,0.02,0.02,0.02,0.02,0.0,0.0,0.0,0.0,0.0,0.98,0.98,0.98,0.98,0.98
35.8,0.98,0.98,0.98,0.98,0.98,0.02,0.02,0.02,0.02,0.02,0.0,0.0,0.0,0.0,0.0,0.98,0.98,0.98,0.98,0.98
36.0,0.98,0.98,0.98,0.98,0.98,0.02,0.02,0.02,0.02,0.02,0.0,0.0,0.0,0.0,0.0,0.98,0.98,0.98,0.98,0.98
36.2,0.98,0.98,0.98,0.98,0.98,0.02,0.02,0.02,0.02,0.02,0.0,0.0,0.0,0.0,0.0,0.98,0.98,0.98,0.98,0.98
36.4,0.98,0.98,0.98,0.98,0.98,0.02,0.02,0.02,0.02,0.02,0.0,0.0,0.0,0.0,0.0,0.98,0.98,0.98,0.98,0.98
36.6,0.98,0.98,0.98,0.98,0.98,0.02,0.02,0.02,0.02,0.02,0.0,0.0,0.0,0.0,0.0,0.98,0.98,0.98,0.98,0.98
36.8,0.98,0.98,0.98,0.98,0.98,0.02,0.02,0.02,0.02,0.02,0.0,0.0,0.0,0.0,0.0,0.98,0.98,0.98,0.98,0.98
37.0,0.98,0.98,0.98,0.98,0.98,0.02,0.02,0.02,0.02,0.02,0.0,0.0,0.0,0.0,0.0,0.98,0.98,0.98,0.98,0.98
37.2,0.98,0.98,0.98,0.98,0.98,0.02,0.02,0.02,0.02,0.02,0.0,0.0,0.0,0.0,0.0,0.98,0.98,0.98,0.98,0.98
37.4,0.98,0.98,0.98,0.98,0.98,0.02,0.02,0.02,0.02,0.02,0.0,0.0,0.0,0.0,0.0,0.98,0.98,0.98,0.98,0.98
37.6,0.98,0.98,0.98,0.98,0.98,0.02,0.02,0.02,0.02,0.02,0.0,0.0,0.0,0.0,0.0,0.98,0.98,0.98,0.98,0.98
37.8,0.98,0.98,0.98,0.98,0.98,0.02,0.02,0.02,0.02,0.02,0.0,0.0,0.0,0.0,0.0,0.98,0.98,0.98,0.98,0.98
38.0,0.98,0.98,0.98,0.98,0.98,0.02,0.02,0.02,0.02,0.02,0.0,0.0,0.0,0.0,0.0,0.98,0.98,0.98,0.98,0.98
38.2,0.98,0.98,0.98,0.98,0.98,0.02,0.02,0.02,0.02,0.02,0.0,0.0,0.0,0.0,0.0,0.98,0.98,0.98,0.98,0.98
38.4,0.98,0.98,0.98,0.98,0.98,0.02,0.02,0.02,0.02,0.02,0.0,0.0,0.0,0.0,0.0,0.98,0.98,0.98,0.98,0.98
38.6,0.98,0.98,0.98,0.98,0.98,0.02,0.02,0.02,0.02,0.02,0.0,0.0,0.0,0.0,0.0,0.98,0.98,0.98,0.98,0.98
38.8,0.98,0.98,0.98,0.98,0.98,0.02,0.02,0.02,0.02,0.02,0.0,0.0,0.0,0.0,0.0,0.98,0.98,0.98,0.98,0.98
39.0,0.98,0.98,0.98,0.98,0.98,0.02,0.02,0.02,0.02,0.02,0.0,0.0,0.0,0.0,0.0,0.98,0.98,0.98,0.98,0.98
39.2,0.98,0.98,0.98,0.98,0.98,0.02,0.02,0.02,0.02,0.02,0.0,0.0,0.0,0.0,0.0,0.98,0.98,0.98,0.98,0.98
39.4,0.98,0.98,0.98,0.98,0.98,0.02,0.02,0.02,0.02,0.02,0.0,0.0,0.0,0.0,0.0,0.98,0.98,0.98,0.98,0.98
39.6,0.98,0.98,0.98,0.98,0.98,0.02,0.02,0.02,0.02,0.02,0.0,0.0,0.0,0.0,0.0,0.98,0.98,0.98,0.98,0.98
39.8,0.98,0.98,0.98,0.98,0.98,0.02,0.02,0.02,0.02,0.02,0.0,0.0,0.0,0.0,0.0,0.98,0.98,0.98,0.98,0.98
40.0,0.98,0.98,0.98,0.98,0.98,0.02,0.02,0.02,0.02,0.02,0.0,0.0,0.0,0.0,0.0,0.98,0.98,0.98,0.98,0.98
40.2,0.98,0.98,0.98,0.98,0.98,0.02,0.02,0.02,0.02,0.02,0.0,0.0,0.0,0.0,0.0,0.98,0.98,0.98,0.98,0.98
40.4,0.98,0.98,0.98,0.98,0.98,0.02,0.02,0.02,0.02,0.02,0.0,0.0,0.0,0.0,0.0,0.98,0.98,0.98,0.98,0.98
40.6,0.98,0.98,0.98,0.98,0.98,0.02,0.02,0.02,0.02,0.02,0.0,0.0,0.0,0.0,0.0,0.98,0.98,0.98,0.98,0.98
40.8,0.98,0.98,0.98,0.98,0.98,0.02,0.02,0.02,0.02,0.02,0.0,0.0,0.0,0.0,0.0,0.98,0.98,0.98,0.98,0.98
41.0,0.98,0.98,0.98,0.98,0.98,0.02,0.02,0.02,0.02,0.02,0.0,0.0,0.0,0.0,0.0,0.98,0.98,0.98,0.98,0.98
41.2,0.98,0.98,0.98,0.98,0.98,0.02,0.02,0.02,0.02,0.02,0.0,0.0,0.0,0.0,0.0,0.98,0.98,0.98,0.98,0.98
41.4,0.98,0.98,0.98,0.98,0.98,0.02,0.02,0.02,0.02,0.02,0.0,0.0,0.0,0.0,0.0,0.98,0.98,0.98,0.98,0.98
41.6,0.98,0.98,0.98,0.98,0.98,0.02,0.02,0.02,0.02,0.02,0.0,0.0,0.0,0.0,0.0,0.98,0.98,0.98,0.98,0.98
41.8,0.98,0.98,0.98,0.98,0.98,0.02,0.02,0.02,0.02,0.02,0.0,0.0,0.0,0.0,0.0,0.98,0.98,0.98,0.98,0.98
42.0,0.98,0.98,0.98,0.98,0.98,0.02,0.02,0.02,0.02,0.02,0.0,0.0,0.0,0.0,0.0,0.98,0.98,0.98,0.98,0.98
42.2,0.98,0.98,0.98,0.98,0.98,0.02,0.02,0.02,0.02,0.02,0.0,0.0,0.0,0.0,0.0,0.98,0.98,0.98,0.98,0.98
42.4,0.98,0.98,0.98,0.98,0.98,0.02,0.02,0.02,0.02,0.02,0.0,0.0,0.0,0.0,0.0,0.98,0.98,0.98,0.98,0.98
42.6,0.98,0.98,0.98,0.98,0.98,0.02,0.02,0.02,0.02,0.02,0.0,0.0,0.0,0.0,0.0,0.98,0.98,0.98,0.98,0.98
42.8,0.98,0.98,0.98,0.98,0.98,0.02,0.02,0.02,0.02,0.02,0.0,0.0,0.0,0.0,0.0,0.98,0.98,0.98,0.98,0.98
43.0,0.98,0.98,0.98,0.98,0.98,0.02,0.02,0.02,0.02,0.02,0.0,0.0,0.0,0.0,0.0,0.98,0.98,0.98,0.98,0.98
43.2,0.98,0.98,0.98,0.98,0.98,0.02,0.02,0.02,0.02,0.02,0.0,0.0,0.0,0.0,0.0,0.98,0.98,0.98,0.98,0.98
43.4,0.98,0.98,0.98,0.98,0.98,0.02,0.02,0.02,0.02,0.02,0.0,0.0,0.0,0.0,0.0,0.98,0.98,0.98,0.98,0.98
43.6,0.98,0.98,0.98,0.98,0.98,0.02,0.02,0.02,0.02,0.02,0.0,0.0,0.0,0.0,0.0,0.98,0.98,0.98,0.98,0.98
43.8,0.98,0.98,0.98,0.98,0.98,0.02,0.02,0.02,0.02,0.02,0.0,0.0,0.0,0.0,0.0,0.98,0.98,0.98,0.98,0.98
44.0,0.98,0.98,0.98,0.98,0.98,0.02,0.02,0.02,0.02,0.02,0.0,0.0,0.0,0.0,0.0,0.98,0.98,0.98,0.98,0.98
44.2,0.98,0.98,0.98,0.98,0.98,0.02,0.02,0.02,0.02,0.02,0.0,0.0,0.0,0.0,0.0,0.98,0.98,0.98,0.98,0.98
44.4,0.98,0.98,0.98,0.98,0.98,0.02,0.02,0.02,0.02,0.02,0.0,0.0,0.0,0.0,0.0,0.98,0.98,0.98,0.98,0.98
44.6,0.98,0.98,0.98,0.98,0.98,0.02,0.02,0.02,0.02,0.02,0.0,0.0,0.0,0.0,0.0,0.98,0.98,0.98,0.98,0.98
44.8,0.98,0.98,0.98,0.98,0.98,0.02,0.02,0.02,0.02,0.02,0.0,0.0,0.0,0.0,0.0,0.98,0.98,0.98,0.98,0.98
45.0,0.98,0.98,0.98,0.98,0.98,0.02,0.02,0.02,0.02,0.02,0.0,0.0,0.0,0.0,0.0,0.98,0.98,0.98,0.98,0.98
45.2,0.98,0.98,0.98,0.98,0.98,0.02,0.02,0.02,0.02,0.02,0.0,0.0,0.0,0.0,0.0,0.98,0.98,0.98,0.98,0.98
45.4,0.98,0.98,0.98,0.98,0.98,0.02,0.02,0.02,0.02,0.02,0.0,0.0,0.0,0.0,0.0,0.98,0.98,0.98,0.98,0.98
45.6,0.98,0.98,0.98,0.98,0.98,0.02,0.02,0.02,0.02,0.02,0.0,0.0,0.0,0.0,0.0,0.98,0.98,0.98,0.98,0.98
45.8,0.98,0.98,0.98,0.98,0.98,0.02,0.02,0.02,0.02,0.02,0.0,0.0,0.0,0.0,0.0,0.98,0.98,0.98,0.98,0.98
46.0,0.98,0.98,0.98,0.98,0.98,0.02,0.02,0.02,0.02,0.02,0.0,0.0,0.0,0.0,0.0,0.98,0.98,0.98,0.98,0.98
46.2,0.98,0.98,0.98,0.98,0.98,0.02,0.02,0.02,0.02,0.02,0.0,0.0,0.0,0.0,0.0,0.98,0.98,0.98,0.98,0.98
46.4,0.98,0.98,0.98,0.98,0.98,0.02,0.02,0.02,0.02,0.02,0.0,0.0,0.0,0.0,0.0,0.98,0.98,0.98,0.98,0.98
46.6,0.98,0.98,0.98,0.98,0.98,0.02,0.02,0.02,0.02,0.02,0.0,0.0,0.0,0.0,0.0,0.98,0.98,0.98,0.98,0.98
46.8,0.98,0.98,0.98,0.98,0.98,0.02,0.02,0.02,0.02,0.02,0.0,0.0,0.0,0.0,0.0,0.98,0.98,0.98,0.98,0.98
47.0,0.98,0.98,0.98,0.98,0.98,0.02,0.02,0.02,0.02,0.02,0.0,0.0,0.0,0.0,0.0,0.98,0.98,0.98,0.98,0.98
47.2,0.98,0.98,0.98,0.98,0.98,0.02,0.02,0.02,0.02,0.02,0.0,0.0,0.0,0.0,0.0,0.98,0.98,0.98,0.98,0.98
47.4,0.98,0.98,0.98,0.98,0.98,0.02,0.02,0.02,0.02,0.02,0.0,0.0,0.0,0.0,0.0,0.98,0.98,0.98,0.98,0.98
47.6,0.98,0.98,0.98,0.98,0.98,0.02,0.02,0.02,0.02,0.02,0.0,0.0,0.0,0.0,0.0,0.98,0.98,0.98,0.98,0.98
47.8,0.98,0.98,0.98,0.98,0.98,0.02,0.02,0.02,0.02,0.02,0.0,0.0,0.0,0.0,0.0,0.98,0.98,0.98,0.98,0.98
48.0,0.98,0.98,0.98,0.98,0.98,0.02,0.02,0.02,0.02,0.02,0.0,0.0,0.0,0.0,0.0,0.98,0.98,0.98,0.98,0.98
48.2,0.98,0.98,0.98,0.98,0.98,0.02,0.02,0.02,0.02,0.02,0.0,0.0,0.0,0.0,0.0,0.98,0.98,0.98,0.98,0.98
48.4,0.98,0.98,0.98,0.98,0.98,0.02,0.02,0.02,0.02,0.02,0.0,0.0,0.0,0.0,0.0,0.98,0.98,0.98,0.98,0.98
48.6,0.98,0.98,0.98,0.98,0.98,0.02,0.02,0.02,0.02,0.02,0.0,0.0,0.0,0.0,0.0,0.98,0.98,0.98,0.98,0.98
48.8,0.98,0.98,0.98,0.98,0.98,0.02,0.02,0.02,0.02,0.02,0.0,0.0,0.0,0.0,0.0,0.98,0.98,0.98,0.98,0.98
49.0,0.98,0.98,0.98,0.98,0.98,0.02,0.02,0.02,0.02,0.02,0.0,0.0,0.0,0.0,0.0,0.98,0.98,0.98,0.98,0.98
49.2,0.98,0.98,0.98,0.98,0.98,0.02,0.02,0.02,0.02,0.02,0.0,0.0,0.0,0.0,0.0,0.98,0.98,0.98,0.98,0.98
49.4,0.98,0.98,0.98,0.98,0.98,0.02,0.02,0.02,0.02,0.02,0.0,0.0,0.0,0.0,0.0,0.98,0.98,0.98,0.98,0.98
49.6,0.98,0.98,0.98,0.98,0.98,0.02,0.02,0.02,0.02,0.02,0.0,0.0,0.0,0.0,0.0,0.98,0.98,0.98,0.98,0.98
49.8,0.98,0.98,0.98,0.98,0.98,0.02,0.02,0.02,0.02,0.02,0.0,0.0,0.0,0.0,0.0,0.98,0.98,0.98,0.98,0.98
50.0,0.98,0.98,0.98,0.98,0.98,0.02,0.02,0.02,0.02,0.02,0.0,0.0,0.0,0.0,0.0,0.98,0.98,0.98,0.98,0.98
